-- phpMyAdmin SQL Dump
-- version 5.2.1
-- https://www.phpmyadmin.net/
--
-- Host: 127.0.0.1
-- Generation Time: Jul 08, 2024 at 04:28 AM
-- Server version: 10.4.32-MariaDB
-- PHP Version: 8.0.30

SET SQL_MODE = "NO_AUTO_VALUE_ON_ZERO";
START TRANSACTION;
SET time_zone = "+00:00";


/*!40101 SET @OLD_CHARACTER_SET_CLIENT=@@CHARACTER_SET_CLIENT */;
/*!40101 SET @OLD_CHARACTER_SET_RESULTS=@@CHARACTER_SET_RESULTS */;
/*!40101 SET @OLD_COLLATION_CONNECTION=@@COLLATION_CONNECTION */;
/*!40101 SET NAMES utf8mb4 */;

--
-- Database: `db_bergema`
--

-- --------------------------------------------------------

--
-- Table structure for table `tbl_anggota`
--

CREATE TABLE `tbl_anggota` (
  `id` int(11) NOT NULL,
  `kodeAnggota` varchar(50) DEFAULT NULL,
  `nama` varchar(50) DEFAULT NULL,
  `jenisAnggota` varchar(50) DEFAULT NULL,
  `jenKel` enum('Pria','Wanita') DEFAULT NULL,
  `tempatLahir` varchar(50) DEFAULT NULL,
  `tanggalLahir` varchar(50) DEFAULT NULL,
  `alamat` varchar(200) DEFAULT NULL,
  `noHP` varchar(50) DEFAULT NULL,
  `status` enum('Aktif','Tidak Aktif') NOT NULL,
  `tanggalDaftar` varchar(50) DEFAULT NULL
) ENGINE=InnoDB DEFAULT CHARSET=latin1 COLLATE=latin1_swedish_ci ROW_FORMAT=COMPACT;

--
-- Dumping data for table `tbl_anggota`
--

INSERT INTO `tbl_anggota` (`id`, `kodeAnggota`, `nama`, `jenisAnggota`, `jenKel`, `tempatLahir`, `tanggalLahir`, `alamat`, `noHP`, `status`, `tanggalDaftar`) VALUES
(5, 'KB.GS.001', 'Agung Meidya Gutama, AP, MM', 'Pengurus', 'Pria', '-', '2024-01-17', '-', '0', 'Aktif', '2024-01-17'),
(6, 'KB.GS.002', 'Wikawati, SE, M.Si', 'Pengurus', 'Wanita', '-', '2024-01-17', '-', '0', 'Aktif', '2024-01-17'),
(7, 'KB.GS.003', 'Evi Erawati, SAP', 'Anggota', 'Pria', '-', '2024-01-17', '-', '0', 'Aktif', '2024-01-17'),
(8, 'KB.GS.004', 'Suyati', 'Anggota', 'Wanita', '-', '2024-01-17', '-', '0', 'Aktif', '2024-01-17'),
(9, 'KB.GS.005', 'Indzarti Masthuriyah', 'Anggota', 'Wanita', '-', '2024-01-17', '-', '0', 'Aktif', '2024-01-17'),
(11, 'KB.GS.007', 'Huryati', 'Anggota', 'Wanita', '-', '2024-01-17', '-', '0', 'Aktif', '2024-01-17'),
(12, 'KB.GS.008', 'Obaja Sarifin Gultom', 'Pengurus', 'Pria', '-', '2024-01-17', '-', '0', 'Aktif', '2024-01-17'),
(13, 'KB.GS.009', 'Yuni Sosilowati', 'Pengurus', 'Wanita', '-', '2024-01-17', '-', '0', 'Aktif', '2024-01-17'),
(14, 'KB.GS.010', 'Amak Wahyudi', 'Anggota', 'Pria', '-', '2024-01-17', '-', '0', 'Aktif', '2024-01-17'),
(15, 'KB.GS.011', 'Agus Budi Hartoyo', 'Anggota', 'Pria', '-', '2024-01-17', '-', '0', 'Aktif', '2024-01-17'),
(16, 'KB.GS.012', 'Sri Rahayu', 'Anggota', 'Pria', '-', '2024-01-17', '-', '0', 'Aktif', '2024-01-17'),
(17, 'KB.GS.013', 'Eko Hermawan', 'Anggota', 'Pria', '-', '2024-01-17', '-', '0', 'Aktif', '2024-01-17'),
(18, 'KB.GS.014', 'Indri', 'Anggota', 'Pria', '-', '2024-01-17', '-', '0', 'Aktif', '2024-01-17'),
(19, 'KB.GS.015', 'Ramini', 'Anggota', 'Pria', '-', '2024-01-17', '-', '0', 'Aktif', '2024-01-17'),
(20, 'KB.GS.016', 'Manshur', 'Pengurus', 'Pria', '-', '2024-01-17', '-', '0', 'Aktif', '2024-01-17'),
(21, 'KB.GS.017', 'Ari Mulyadi', 'Anggota', 'Pria', '-', '2024-01-17', '-', '0', 'Aktif', '2024-01-17'),
(22, 'KB.GS.018', 'Sofwani (02)', 'Anggota', 'Pria', '-', '2024-01-17', 'Jl. Madrasah RT.009/02 Kelurahan Gandaria Selatan', '0', 'Aktif', '2024-01-17'),
(23, 'KB.GS.020', 'Umrotun Anisah', 'Anggota', 'Pria', '-', '2024-01-17', '-', '0', 'Aktif', '2024-01-17'),
(24, 'KB.GS.022', 'Husen', 'Anggota', 'Pria', '-', '2024-01-17', '-', '0', 'Aktif', '2024-01-17'),
(25, 'KB.GS.023', 'Zakaria', 'Anggota', 'Pria', '-', '2024-01-17', '-', '0', 'Aktif', '2024-01-17'),
(26, 'KB.GS.024', 'Agus Sulistiyo', 'Anggota', 'Pria', '-', '2024-01-17', '-', '0', 'Aktif', '2024-01-17'),
(27, 'KB.GS.025', 'Faddil Ramadhan', 'Anggota', 'Pria', '-', '2024-01-17', '-', '0', 'Aktif', '2024-01-17'),
(28, 'KB.GS.027', 'Budiono', 'Anggota', 'Pria', '-', '2024-01-17', '-', '0', 'Aktif', '2024-01-17'),
(29, 'KB.GS.029', 'Kobul Pane', 'Anggota', 'Pria', '-', '2024-01-17', '-', '0', 'Aktif', '2024-01-17'),
(30, 'KB.GS.031', 'Wiratno', 'Anggota', 'Pria', '-', '2024-01-17', '-', '0', 'Aktif', '2024-01-17'),
(31, 'KB.GS.032', 'Herynaldi', 'Anggota', 'Pria', '-', '2024-01-17', '-', '0', 'Aktif', '2024-01-17'),
(32, 'KB.GS.034', 'M Banu Febriansyah', 'Anggota', 'Pria', '-', '2024-01-17', '-', '0', 'Aktif', '2024-01-17'),
(33, 'KB.GS.036', 'Muji Harjono', 'Anggota', 'Pria', '-', '2024-01-17', '-', '0', 'Aktif', '2024-01-17'),
(34, 'KB.GS.037', 'Hendra Gaotama', 'Anggota', 'Pria', '-', '2024-01-17', '-', '0', 'Aktif', '2024-01-17'),
(35, 'KB.GS.038', 'Albarkah', 'Anggota', 'Pria', '-', '2024-01-17', '-', '0', 'Aktif', '2024-01-17'),
(36, 'KB.GS.039', 'Muhammad Lulu Alfiansyah ', 'Anggota', 'Pria', '-', '2024-01-17', '-', '0', 'Aktif', '2024-01-17'),
(37, 'KB.GS.040', 'Joko Wiyono', 'Anggota', 'Pria', '-', '2024-01-17', '-', '0', 'Aktif', '2024-01-17'),
(38, 'KB.GS.041', 'Satria Mahesa', 'Anggota', 'Pria', '-', '2024-01-17', '-', '0', 'Aktif', '2024-01-17'),
(39, 'KB.GS.042', 'Abdul Rahman', 'Anggota', 'Pria', '-', '2024-01-17', '-', '0', 'Aktif', '2024-01-17'),
(40, 'KB.GS.043', 'Moh Sidik', 'Anggota', 'Pria', '-', '2024-01-17', '-', '0', 'Aktif', '2024-01-17'),
(41, 'KB.GS.044', 'Muhammad Rizky', 'Anggota', 'Pria', '-', '2024-01-17', '-', '0', 'Aktif', '2024-01-17'),
(42, 'KB.GS.045', 'Suryadi', 'Anggota', 'Pria', '-', '2024-01-17', '-', '0', 'Aktif', '2024-01-17'),
(43, 'KB.GS.046', 'Muhamad Amin', 'Anggota', 'Pria', '-', '2024-01-17', '-', '0', 'Aktif', '2024-01-17'),
(44, 'KB.GS.047', 'Jefryansyah', 'Anggota', 'Pria', '-', '2024-01-17', '-', '0', 'Aktif', '2024-01-17'),
(45, 'KB.GS.048', 'Asdana', 'Anggota', 'Pria', '-', '2024-01-17', '-', '0', 'Tidak Aktif', '2024-01-17'),
(46, 'KB.GS.050', 'Adi Mawardi', 'Anggota', 'Pria', '-', '2024-01-17', '-', '0', 'Aktif', '2024-01-17'),
(47, 'KB.GS.052', 'Iwan Setiawan', 'Anggota', 'Pria', '-', '2024-01-17', '-', '0', 'Aktif', '2024-01-17'),
(48, 'KB.GS.053', 'Madanih', 'Anggota', 'Pria', '-', '2024-01-17', '-', '0', 'Tidak Aktif', '2024-01-17'),
(49, 'KB.GS.054', 'Rony Fachrudin', 'Anggota', 'Pria', '-', '2024-01-17', '-', '0', 'Aktif', '2024-01-17'),
(50, 'KB.GS.055', 'Mochamad Fauzan Azim', 'Anggota', 'Pria', '-', '2024-01-17', '-', '0', 'Aktif', '2024-01-17'),
(51, 'KB.GS.056', 'Isep Umar', 'Anggota', 'Pria', '-', '2024-01-17', '-', '0', 'Aktif', '2024-01-17'),
(52, 'KB.GS.059', 'Duniyanto', 'Anggota', 'Pria', '-', '2024-01-17', '-', '0', 'Aktif', '2024-01-17'),
(53, 'KB.GS.060', 'Star Sansesy', 'Anggota', 'Pria', '-', '2024-01-17', '-', '0', 'Aktif', '2024-01-17'),
(54, 'KB.GS.062', 'Muhamad Noor', 'Anggota', 'Pria', '-', '2024-01-17', '-', '0', 'Aktif', '2024-01-17'),
(55, 'KB.GS.063', 'Ahmad Rizal', 'Anggota', 'Pria', '-', '2024-01-17', '-', '0', 'Aktif', '2024-01-17'),
(56, 'KB.GS.064', 'Winarni', 'Anggota', 'Pria', '-', '2024-01-17', '-', '0', 'Aktif', '2024-01-17'),
(57, 'KB.GS.065', 'M. Ali Sabani', 'Anggota', 'Pria', '-', '2024-01-17', '-', '0', 'Aktif', '2024-01-17'),
(58, 'KB.GS.066', 'Muhammad Fadilah', 'Anggota', 'Pria', '-', '2024-01-17', '-', '0', 'Aktif', '2024-01-17'),
(59, 'KB.GS.067', 'Muhamad Iqbal', 'Anggota', 'Pria', '-', '2024-01-17', '-', '0', 'Aktif', '2024-01-17'),
(60, 'KB.GS.068', 'Abdul Hasan Apriadi', 'Anggota', 'Pria', '-', '2024-01-17', '-', '0', 'Aktif', '2024-01-17'),
(61, 'KB.GS.069', 'Indari Rochana ', 'Anggota', 'Pria', '-', '2024-01-17', '-', '0', 'Aktif', '2024-01-17'),
(62, 'KB.GS.071', 'Rosalina', 'Anggota', 'Pria', '-', '2024-01-17', '-', '0', 'Aktif', '2024-01-17'),
(63, 'KB.GS.072', 'Dea Tasya Sari', 'Anggota', 'Pria', '-', '2024-01-17', '-', '0', 'Aktif', '2024-01-17'),
(64, 'KB.GS.073', 'Hastaniyati AB', 'Anggota', 'Pria', '-', '2024-01-17', '-', '0', 'Aktif', '2024-01-17'),
(65, 'KB.GS.074', 'Reska Nur Alfiah', 'Anggota', 'Pria', '-', '2024-01-17', '-', '0', 'Aktif', '2024-01-17'),
(66, 'KB.GS.075', 'Fahrorozi', 'Anggota', 'Pria', '-', '2024-01-17', '-', '0', 'Aktif', '2024-01-17'),
(67, 'KB.GS.076', 'Retno Sari Utami', 'Anggota', 'Pria', '-', '2024-01-17', '-', '0', 'Tidak Aktif', '2024-01-17'),
(68, 'KB.GS.078', 'Ahmad Andrian', 'Anggota', 'Pria', '-', '2024-01-17', '-', '0', 'Aktif', '2024-01-17'),
(69, 'KB.GS.079', 'Salman Oktavian', 'Anggota', 'Pria', '-', '2024-01-17', '-', '0', 'Aktif', '2024-01-17'),
(70, 'KB.GS.080', 'Rasyid Alhadi', 'Anggota', 'Pria', '-', '2024-01-17', '-', '0', 'Aktif', '2024-01-17'),
(71, 'KB.GS.081', 'Maniyah PKK', 'Anggota', 'Pria', '-', '2024-01-17', '-', '0', 'Aktif', '2024-01-17'),
(72, 'KB.GS.082', 'Trenggono Murni PKK', 'Anggota', 'Pria', '-', '2024-01-17', '-', '0', 'Aktif', '2024-01-17'),
(73, 'KB.GS.083', 'Endang Jumarsih PKK', 'Anggota', 'Pria', '-', '2024-01-17', '-', '0', 'Tidak Aktif', '2024-01-17'),
(74, 'KB.GS.084', 'Ella PKK', 'Anggota', 'Pria', '-', '2024-01-17', '-', '0', 'Aktif', '2024-01-17'),
(75, 'KB.GS.085', 'Mulyati PKK', 'Anggota', 'Pria', '-', '2024-01-17', '-', '0', 'Tidak Aktif', '2024-01-17'),
(76, 'KB.GS.086', 'Prajaya', 'Anggota', 'Pria', '-', '2024-01-17', '-', '0', 'Aktif', '2024-01-17'),
(77, 'KB.GS.087', 'Robiansyah', 'Anggota', 'Pria', '-', '2024-01-17', '-', '0', 'Aktif', '2024-01-17'),
(78, 'KB.GS.088', 'Sofwani (03)', 'Anggota', 'Pria', '-', '2024-01-17', '-', '0', 'Aktif', '2024-01-17'),
(79, 'KB.GS.089', 'Adih Wiasti', 'Anggota', 'Pria', '-', '2024-01-17', '-', '0', 'Aktif', '2024-01-17'),
(80, 'KB.GS.090', 'M. Dzaki Akmal', 'Anggota', 'Pria', '-', '2024-01-17', '-', '0', 'Aktif', '2024-01-17'),
(81, 'KB.GS.091', 'Rizki Onica ', 'Anggota', 'Pria', '-', '2024-01-17', '-', '0', 'Aktif', '2024-01-17'),
(82, 'KB.GS.092', 'Nurdin Wiryanto', 'Anggota', 'Pria', '-', '2024-01-17', '-', '0', 'Aktif', '2024-01-17'),
(83, 'KB.GS.093', 'Agung Baskoro', 'Anggota', 'Pria', '-', '2024-01-17', '-', '0', 'Aktif', '2024-01-17'),
(84, 'KB.GS.094', 'Shandi (DUKCAPIL)', 'Anggota', 'Pria', '-', '2024-01-17', '-', '0', 'Aktif', '2024-01-17'),
(85, 'KB.GS.095', 'Hendra (DUKCAPIL)', 'Anggota', 'Pria', '-', '2024-01-17', '-', '0', 'Aktif', '2024-01-17'),
(86, 'KB.GS.096', 'Wawan (PTSP)', 'Anggota', 'Pria', '-', '2024-01-17', '-', '0', 'Aktif', '2024-01-17'),
(87, 'KB.GS.097', 'Maryani', 'Anggota', 'Pria', '-', '2024-01-17', '-', '0', 'Aktif', '2024-01-17'),
(88, 'KB.GS.098', 'Neneng Sulaihah', 'Anggota', 'Pria', '-', '2024-01-17', '-', '0', 'Aktif', '2024-01-17'),
(89, 'KB.GS.099', 'Munawir', 'Anggota', 'Pria', '-', '2024-01-17', '-', '0', 'Aktif', '2024-01-17'),
(90, 'KB.GS.057', 'Rachmat', 'Anggota', 'Pria', 'JAKARTA', '1970-07-07', 'Jl. Mangga RT.05/05', '0', 'Aktif', '2024-02-5'),
(96, 'KB.GS.061', 'Aditya Andika', 'Anggota', 'Pria', 'JAKARTA', '2024-02-07', '-', '0', 'Aktif', '2024-02-7');

-- --------------------------------------------------------

--
-- Table structure for table `tbl_angsuran`
--

CREATE TABLE `tbl_angsuran` (
  `id` int(11) NOT NULL,
  `kodeAnggota` varchar(50) NOT NULL,
  `idPinjam` int(11) DEFAULT NULL,
  `uangAngsuran` decimal(65,10) DEFAULT NULL,
  `jasaUang` decimal(65,10) DEFAULT NULL,
  `totalBayar` decimal(65,10) DEFAULT NULL,
  `tanggalBayar` varchar(50) DEFAULT NULL,
  `updatedAt` timestamp NOT NULL DEFAULT current_timestamp() ON UPDATE current_timestamp(),
  `createdAt` timestamp NOT NULL DEFAULT current_timestamp()
) ENGINE=InnoDB DEFAULT CHARSET=latin1 COLLATE=latin1_swedish_ci ROW_FORMAT=COMPACT;

--
-- Dumping data for table `tbl_angsuran`
--

INSERT INTO `tbl_angsuran` (`id`, `kodeAnggota`, `idPinjam`, `uangAngsuran`, `jasaUang`, `totalBayar`, `tanggalBayar`, `updatedAt`, `createdAt`) VALUES
(1, 'KB.GS.055', 1, 500000.0000000000, 120000.0000000000, 620000.0000000000, '2024-02-12', '2024-02-12 03:36:25', '2024-06-22 12:49:54'),
(2, 'KB.GS.055', 1, 500000.0000000000, 120000.0000000000, 620000.0000000000, '2024-05-05', '2024-05-05 02:34:12', '2024-06-22 12:49:54'),
(3, 'KB.GS.055', 1, 500000.0000000000, 120000.0000000000, 620000.0000000000, '2024-04-03', '2024-04-03 01:05:20', '2024-06-22 12:49:54'),
(4, 'KB.GS.055', 1, 500000.0000000000, 120000.0000000000, 620000.0000000000, '2024-05-05', '2024-05-05 02:35:56', '2024-06-22 12:49:54'),
(5, 'KB.GS.055', 1, 500000.0000000000, 120000.0000000000, 620000.0000000000, NULL, '2024-02-12 02:44:40', '2024-06-22 12:49:54'),
(6, 'KB.GS.055', 1, 500000.0000000000, 120000.0000000000, 620000.0000000000, NULL, '2024-02-12 02:44:40', '2024-06-22 12:49:54'),
(7, 'KB.GS.055', 1, 500000.0000000000, 120000.0000000000, 620000.0000000000, NULL, '2024-02-12 02:44:40', '2024-06-22 12:49:54'),
(8, 'KB.GS.055', 1, 500000.0000000000, 120000.0000000000, 620000.0000000000, NULL, '2024-02-12 02:44:40', '2024-06-22 12:49:54'),
(9, 'KB.GS.055', 1, 500000.0000000000, 120000.0000000000, 620000.0000000000, NULL, '2024-02-12 02:44:40', '2024-06-22 12:49:54'),
(10, 'KB.GS.055', 1, 500000.0000000000, 120000.0000000000, 620000.0000000000, NULL, '2024-02-12 02:44:40', '2024-06-22 12:49:54'),
(11, 'KB.GS.055', 1, 500000.0000000000, 120000.0000000000, 620000.0000000000, NULL, '2024-02-12 02:44:40', '2024-06-22 12:49:54'),
(12, 'KB.GS.055', 1, 500000.0000000000, 120000.0000000000, 620000.0000000000, NULL, '2024-02-12 02:44:40', '2024-06-22 12:49:54'),
(13, 'KB.GS.017', 2, 416666.6666666667, 100000.0000000000, 516666.6666666667, '2024-02-05', '2024-02-12 02:44:40', '2024-06-22 12:49:54'),
(14, 'KB.GS.017', 2, 416666.6666666667, 100000.0000000000, 516666.6666666667, '2024-03-04', '2024-03-04 01:09:44', '2024-06-22 12:49:54'),
(15, 'KB.GS.017', 2, 416666.6666666667, 100000.0000000000, 516666.6666666667, '2024-04-03', '2024-04-03 01:01:45', '2024-06-22 12:49:54'),
(16, 'KB.GS.017', 2, 416666.6666666667, 100000.0000000000, 516666.6666666667, '2024-05-03', '2024-05-03 00:17:21', '2024-06-22 12:49:54'),
(17, 'KB.GS.017', 2, 416666.6666666667, 100000.0000000000, 516666.6666666667, NULL, '2024-02-12 02:44:40', '2024-06-22 12:49:54'),
(18, 'KB.GS.017', 2, 416666.6666666667, 100000.0000000000, 516666.6666666667, NULL, '2024-02-12 02:44:40', '2024-06-22 12:49:54'),
(19, 'KB.GS.017', 2, 416666.6666666667, 100000.0000000000, 516666.6666666667, NULL, '2024-02-12 02:44:40', '2024-06-22 12:49:54'),
(20, 'KB.GS.017', 2, 416666.6666666667, 100000.0000000000, 516666.6666666667, NULL, '2024-02-12 02:44:40', '2024-06-22 12:49:54'),
(21, 'KB.GS.017', 2, 416666.6666666667, 100000.0000000000, 516666.6666666667, NULL, '2024-02-12 02:44:40', '2024-06-22 12:49:54'),
(22, 'KB.GS.017', 2, 416666.6666666667, 100000.0000000000, 516666.6666666667, NULL, '2024-02-12 02:44:40', '2024-06-22 12:49:54'),
(23, 'KB.GS.017', 2, 416666.6666666667, 100000.0000000000, 516666.6666666667, NULL, '2024-02-12 02:44:40', '2024-06-22 12:49:54'),
(24, 'KB.GS.017', 2, 416666.6666666667, 100000.0000000000, 516666.6666666667, NULL, '2024-02-12 02:44:40', '2024-06-22 12:49:54'),
(25, 'KB.GS.027', 3, 500000.0000000000, 50000.0000000000, 550000.0000000000, '2024-02-06', '2024-02-12 02:44:40', '2024-06-22 12:49:54'),
(26, 'KB.GS.027', 3, 500000.0000000000, 50000.0000000000, 550000.0000000000, '2024-02-06', '2024-02-12 02:44:40', '2024-06-22 12:49:54'),
(27, 'KB.GS.027', 3, 500000.0000000000, 50000.0000000000, 550000.0000000000, '2024-02-06', '2024-02-12 02:44:40', '2024-06-22 12:49:54'),
(28, 'KB.GS.027', 3, 500000.0000000000, 50000.0000000000, 550000.0000000000, '2024-02-06', '2024-02-12 02:44:40', '2024-06-22 12:49:54'),
(29, 'KB.GS.027', 3, 500000.0000000000, 50000.0000000000, 550000.0000000000, '2024-02-06', '2024-02-12 02:44:40', '2024-06-22 12:49:54'),
(30, 'KB.GS.099', 4, 2000000.0000000000, 40000.0000000000, 2040000.0000000000, '2024-02-05', '2024-02-12 02:44:40', '2024-06-22 12:49:54'),
(31, 'KB.GS.057', 7, 500000.0000000000, 100000.0000000000, 600000.0000000000, '2024-02-06', '2024-02-12 02:44:40', '2024-06-22 12:49:54'),
(32, 'KB.GS.057', 7, 500000.0000000000, 100000.0000000000, 600000.0000000000, '2024-03-04', '2024-03-04 01:13:36', '2024-06-22 12:49:54'),
(33, 'KB.GS.057', 7, 500000.0000000000, 100000.0000000000, 600000.0000000000, '2024-04-03', '2024-04-03 01:05:51', '2024-06-22 12:49:54'),
(34, 'KB.GS.057', 7, 500000.0000000000, 100000.0000000000, 600000.0000000000, '2024-05-03', '2024-05-03 00:15:33', '2024-06-22 12:49:54'),
(35, 'KB.GS.057', 7, 500000.0000000000, 100000.0000000000, 600000.0000000000, NULL, '2024-02-12 02:44:40', '2024-06-22 12:49:54'),
(36, 'KB.GS.057', 7, 500000.0000000000, 100000.0000000000, 600000.0000000000, NULL, '2024-02-12 02:44:40', '2024-06-22 12:49:54'),
(37, 'KB.GS.057', 7, 500000.0000000000, 100000.0000000000, 600000.0000000000, NULL, '2024-02-12 02:44:40', '2024-06-22 12:49:54'),
(38, 'KB.GS.057', 7, 500000.0000000000, 100000.0000000000, 600000.0000000000, NULL, '2024-02-12 02:44:40', '2024-06-22 12:49:54'),
(39, 'KB.GS.057', 7, 500000.0000000000, 100000.0000000000, 600000.0000000000, NULL, '2024-02-12 02:44:40', '2024-06-22 12:49:54'),
(40, 'KB.GS.057', 7, 500000.0000000000, 100000.0000000000, 600000.0000000000, NULL, '2024-02-12 02:44:40', '2024-06-22 12:49:54'),
(41, 'KB.GS.023', 9, 500000.0000000000, 40000.0000000000, 540000.0000000000, '2024-02-06', '2024-02-12 02:44:40', '2024-06-22 12:49:54'),
(42, 'KB.GS.023', 9, 500000.0000000000, 40000.0000000000, 540000.0000000000, '2024-03-04', '2024-03-04 01:19:49', '2024-06-22 12:49:54'),
(43, 'KB.GS.023', 9, 500000.0000000000, 40000.0000000000, 540000.0000000000, '2024-04-03', '2024-04-03 02:49:41', '2024-06-22 12:49:54'),
(44, 'KB.GS.023', 9, 500000.0000000000, 40000.0000000000, 540000.0000000000, '2024-05-03', '2024-05-03 00:14:31', '2024-06-22 12:49:54'),
(45, 'KB.GS.038', 10, 500000.0000000000, 100000.0000000000, 600000.0000000000, '2024-02-12', '2024-02-12 07:27:38', '2024-06-22 12:49:54'),
(46, 'KB.GS.038', 10, 500000.0000000000, 100000.0000000000, 600000.0000000000, '2024-03-04', '2024-03-04 01:19:29', '2024-06-22 12:49:54'),
(47, 'KB.GS.038', 10, 500000.0000000000, 100000.0000000000, 600000.0000000000, '2024-04-19', '2024-04-19 02:45:54', '2024-06-22 12:49:54'),
(48, 'KB.GS.038', 10, 500000.0000000000, 100000.0000000000, 600000.0000000000, '2024-05-05', '2024-05-05 02:32:34', '2024-06-22 12:49:54'),
(49, 'KB.GS.038', 10, 500000.0000000000, 100000.0000000000, 600000.0000000000, NULL, '2024-02-12 02:44:40', '2024-06-22 12:49:54'),
(50, 'KB.GS.038', 10, 500000.0000000000, 100000.0000000000, 600000.0000000000, NULL, '2024-02-12 02:44:40', '2024-06-22 12:49:54'),
(51, 'KB.GS.038', 10, 500000.0000000000, 100000.0000000000, 600000.0000000000, NULL, '2024-02-12 02:44:40', '2024-06-22 12:49:54'),
(52, 'KB.GS.038', 10, 500000.0000000000, 100000.0000000000, 600000.0000000000, NULL, '2024-02-12 02:44:40', '2024-06-22 12:49:54'),
(53, 'KB.GS.038', 10, 500000.0000000000, 100000.0000000000, 600000.0000000000, NULL, '2024-02-12 02:44:40', '2024-06-22 12:49:54'),
(54, 'KB.GS.038', 10, 500000.0000000000, 100000.0000000000, 600000.0000000000, NULL, '2024-02-12 02:44:40', '2024-06-22 12:49:54'),
(55, 'KB.GS.024', 11, 500000.0000000000, 100000.0000000000, 600000.0000000000, '2024-04-04', '2024-04-04 07:05:40', '2024-06-22 12:49:54'),
(56, 'KB.GS.024', 11, 500000.0000000000, 100000.0000000000, 600000.0000000000, '2024-04-04', '2024-04-04 07:05:44', '2024-06-22 12:49:54'),
(57, 'KB.GS.024', 11, 500000.0000000000, 100000.0000000000, 600000.0000000000, NULL, '2024-02-12 02:44:40', '2024-06-22 12:49:54'),
(58, 'KB.GS.024', 11, 500000.0000000000, 100000.0000000000, 600000.0000000000, NULL, '2024-02-12 02:44:40', '2024-06-22 12:49:54'),
(59, 'KB.GS.024', 11, 500000.0000000000, 100000.0000000000, 600000.0000000000, NULL, '2024-02-12 02:44:40', '2024-06-22 12:49:54'),
(60, 'KB.GS.024', 11, 500000.0000000000, 100000.0000000000, 600000.0000000000, NULL, '2024-02-12 02:44:40', '2024-06-22 12:49:54'),
(61, 'KB.GS.024', 11, 500000.0000000000, 100000.0000000000, 600000.0000000000, NULL, '2024-02-12 02:44:40', '2024-06-22 12:49:54'),
(62, 'KB.GS.024', 11, 500000.0000000000, 100000.0000000000, 600000.0000000000, NULL, '2024-02-12 02:44:40', '2024-06-22 12:49:54'),
(63, 'KB.GS.024', 11, 500000.0000000000, 100000.0000000000, 600000.0000000000, NULL, '2024-02-12 02:44:40', '2024-06-22 12:49:54'),
(64, 'KB.GS.024', 11, 500000.0000000000, 100000.0000000000, 600000.0000000000, NULL, '2024-02-12 02:44:40', '2024-06-22 12:49:54'),
(65, 'KB.GS.020', 12, 1000000.0000000000, 20000.0000000000, 1020000.0000000000, '2024-02-06', '2024-02-12 02:44:40', '2024-06-22 12:49:54'),
(66, 'KB.GS.068', 15, 400000.0000000000, 80000.0000000000, 480000.0000000000, '2024-04-04', '2024-04-04 00:32:22', '2024-06-22 12:49:54'),
(67, 'KB.GS.068', 15, 400000.0000000000, 80000.0000000000, 480000.0000000000, '2024-04-03', '2024-04-03 01:22:11', '2024-06-22 12:49:54'),
(68, 'KB.GS.068', 15, 400000.0000000000, 80000.0000000000, 480000.0000000000, '2024-05-05', '2024-05-05 02:33:34', '2024-06-22 12:49:54'),
(69, 'KB.GS.068', 15, 400000.0000000000, 80000.0000000000, 480000.0000000000, NULL, '2024-02-12 02:44:40', '2024-06-22 12:49:54'),
(70, 'KB.GS.068', 15, 400000.0000000000, 80000.0000000000, 480000.0000000000, NULL, '2024-02-12 02:44:40', '2024-06-22 12:49:54'),
(71, 'KB.GS.068', 15, 400000.0000000000, 80000.0000000000, 480000.0000000000, NULL, '2024-02-12 02:44:40', '2024-06-22 12:49:54'),
(72, 'KB.GS.068', 15, 400000.0000000000, 80000.0000000000, 480000.0000000000, NULL, '2024-02-12 02:44:40', '2024-06-22 12:49:54'),
(73, 'KB.GS.068', 15, 400000.0000000000, 80000.0000000000, 480000.0000000000, NULL, '2024-02-12 02:44:40', '2024-06-22 12:49:54'),
(74, 'KB.GS.068', 15, 400000.0000000000, 80000.0000000000, 480000.0000000000, NULL, '2024-02-12 02:44:40', '2024-06-22 12:49:54'),
(75, 'KB.GS.068', 15, 400000.0000000000, 80000.0000000000, 480000.0000000000, NULL, '2024-02-12 02:44:40', '2024-06-22 12:49:54'),
(76, 'KB.GS.089', 16, 300000.0000000000, 60000.0000000000, 360000.0000000000, '2024-02-12', '2024-02-12 07:28:10', '2024-06-22 12:49:54'),
(77, 'KB.GS.089', 16, 300000.0000000000, 60000.0000000000, 360000.0000000000, '2024-03-04', '2024-03-04 01:11:32', '2024-06-22 12:49:54'),
(78, 'KB.GS.089', 16, 300000.0000000000, 60000.0000000000, 360000.0000000000, '2024-04-04', '2024-04-04 02:05:40', '2024-06-22 12:49:54'),
(79, 'KB.GS.089', 16, 300000.0000000000, 60000.0000000000, 360000.0000000000, '2024-05-05', '2024-05-05 02:33:03', '2024-06-22 12:49:54'),
(80, 'KB.GS.089', 16, 300000.0000000000, 60000.0000000000, 360000.0000000000, NULL, '2024-02-12 02:44:40', '2024-06-22 12:49:54'),
(81, 'KB.GS.089', 16, 300000.0000000000, 60000.0000000000, 360000.0000000000, NULL, '2024-02-12 02:44:40', '2024-06-22 12:49:54'),
(82, 'KB.GS.089', 16, 300000.0000000000, 60000.0000000000, 360000.0000000000, NULL, '2024-02-12 02:44:40', '2024-06-22 12:49:54'),
(83, 'KB.GS.089', 16, 300000.0000000000, 60000.0000000000, 360000.0000000000, NULL, '2024-02-12 02:44:40', '2024-06-22 12:49:54'),
(84, 'KB.GS.089', 16, 300000.0000000000, 60000.0000000000, 360000.0000000000, NULL, '2024-02-12 02:44:40', '2024-06-22 12:49:54'),
(85, 'KB.GS.089', 16, 300000.0000000000, 60000.0000000000, 360000.0000000000, NULL, '2024-02-12 02:44:40', '2024-06-22 12:49:54'),
(86, 'KB.GS.034', 18, 500000.0000000000, 60000.0000000000, 560000.0000000000, '2024-02-12', '2024-02-12 03:32:15', '2024-06-22 12:49:54'),
(87, 'KB.GS.034', 18, 500000.0000000000, 60000.0000000000, 560000.0000000000, '2024-03-05', '2024-03-05 08:54:07', '2024-06-22 12:49:54'),
(88, 'KB.GS.034', 18, 500000.0000000000, 60000.0000000000, 560000.0000000000, '2024-04-03', '2024-04-03 01:01:17', '2024-06-22 12:49:54'),
(89, 'KB.GS.034', 18, 500000.0000000000, 60000.0000000000, 560000.0000000000, '2024-05-03', '2024-05-03 03:26:23', '2024-06-22 12:49:54'),
(90, 'KB.GS.034', 18, 500000.0000000000, 60000.0000000000, 560000.0000000000, NULL, '2024-02-12 03:14:28', '2024-06-22 12:49:54'),
(91, 'KB.GS.034', 18, 500000.0000000000, 60000.0000000000, 560000.0000000000, NULL, '2024-02-12 03:14:28', '2024-06-22 12:49:54'),
(92, 'KB.GS.091', 19, 500000.0000000000, 40000.0000000000, 540000.0000000000, '2024-02-12', '2024-02-12 03:32:35', '2024-06-22 12:49:54'),
(93, 'KB.GS.091', 19, 500000.0000000000, 40000.0000000000, 540000.0000000000, '2024-03-04', '2024-03-04 01:10:23', '2024-06-22 12:49:54'),
(94, 'KB.GS.091', 19, 500000.0000000000, 40000.0000000000, 540000.0000000000, '2024-04-04', '2024-04-04 02:06:51', '2024-06-22 12:49:54'),
(95, 'KB.GS.091', 19, 500000.0000000000, 40000.0000000000, 540000.0000000000, '2024-05-03', '2024-05-03 00:16:01', '2024-06-22 12:49:54'),
(96, 'KB.GS.064', 20, 500000.0000000000, 100000.0000000000, 600000.0000000000, '2024-02-12', '2024-02-12 03:35:45', '2024-06-22 12:49:54'),
(97, 'KB.GS.064', 20, 500000.0000000000, 100000.0000000000, 600000.0000000000, '2024-03-05', '2024-03-05 01:53:24', '2024-06-22 12:49:54'),
(98, 'KB.GS.064', 20, 500000.0000000000, 100000.0000000000, 600000.0000000000, '2024-04-03', '2024-04-03 01:06:06', '2024-06-22 12:49:54'),
(99, 'KB.GS.064', 20, 500000.0000000000, 100000.0000000000, 600000.0000000000, NULL, '2024-02-12 03:17:19', '2024-06-22 12:49:54'),
(100, 'KB.GS.064', 20, 500000.0000000000, 100000.0000000000, 600000.0000000000, NULL, '2024-02-12 03:17:19', '2024-06-22 12:49:54'),
(101, 'KB.GS.064', 20, 500000.0000000000, 100000.0000000000, 600000.0000000000, NULL, '2024-02-12 03:17:19', '2024-06-22 12:49:54'),
(102, 'KB.GS.064', 20, 500000.0000000000, 100000.0000000000, 600000.0000000000, NULL, '2024-02-12 03:17:19', '2024-06-22 12:49:54'),
(103, 'KB.GS.064', 20, 500000.0000000000, 100000.0000000000, 600000.0000000000, NULL, '2024-02-12 03:17:19', '2024-06-22 12:49:54'),
(104, 'KB.GS.064', 20, 500000.0000000000, 100000.0000000000, 600000.0000000000, NULL, '2024-02-12 03:17:19', '2024-06-22 12:49:54'),
(105, 'KB.GS.064', 20, 500000.0000000000, 100000.0000000000, 600000.0000000000, NULL, '2024-02-12 03:17:19', '2024-06-22 12:49:54'),
(106, 'KB.GS.099', 21, 500000.0000000000, 60000.0000000000, 560000.0000000000, '2024-03-25', '2024-03-25 02:50:52', '2024-06-22 12:49:54'),
(107, 'KB.GS.099', 21, 500000.0000000000, 60000.0000000000, 560000.0000000000, '2024-04-05', '2024-04-05 06:39:24', '2024-06-22 12:49:54'),
(108, 'KB.GS.099', 21, 500000.0000000000, 60000.0000000000, 560000.0000000000, NULL, '2024-02-12 03:18:15', '2024-06-22 12:49:54'),
(109, 'KB.GS.099', 21, 500000.0000000000, 60000.0000000000, 560000.0000000000, NULL, '2024-02-12 03:18:15', '2024-06-22 12:49:54'),
(110, 'KB.GS.099', 21, 500000.0000000000, 60000.0000000000, 560000.0000000000, NULL, '2024-02-12 03:18:15', '2024-06-22 12:49:54'),
(111, 'KB.GS.099', 21, 500000.0000000000, 60000.0000000000, 560000.0000000000, NULL, '2024-02-12 03:18:15', '2024-06-22 12:49:54'),
(112, 'KB.GS.041', 22, 500000.0000000000, 60000.0000000000, 560000.0000000000, '2024-02-12', '2024-02-12 03:32:02', '2024-06-22 12:49:54'),
(113, 'KB.GS.041', 22, 500000.0000000000, 60000.0000000000, 560000.0000000000, '2024-03-04', '2024-03-04 01:12:20', '2024-06-22 12:49:54'),
(114, 'KB.GS.041', 22, 500000.0000000000, 60000.0000000000, 560000.0000000000, '2024-04-03', '2024-04-03 01:00:31', '2024-06-22 12:49:54'),
(115, 'KB.GS.041', 22, 500000.0000000000, 60000.0000000000, 560000.0000000000, '2024-05-03', '2024-05-03 00:15:45', '2024-06-22 12:49:54'),
(116, 'KB.GS.041', 22, 500000.0000000000, 60000.0000000000, 560000.0000000000, NULL, '2024-02-12 03:20:45', '2024-06-22 12:49:54'),
(117, 'KB.GS.041', 22, 500000.0000000000, 60000.0000000000, 560000.0000000000, NULL, '2024-02-12 03:20:45', '2024-06-22 12:49:54'),
(118, 'KB.GS.043', 23, 300000.0000000000, 60000.0000000000, 360000.0000000000, '2024-02-12', '2024-02-12 03:32:49', '2024-06-22 12:49:54'),
(119, 'KB.GS.043', 23, 300000.0000000000, 60000.0000000000, 360000.0000000000, '2024-03-04', '2024-03-04 01:20:17', '2024-06-22 12:49:54'),
(120, 'KB.GS.043', 23, 300000.0000000000, 60000.0000000000, 360000.0000000000, '2024-04-03', '2024-04-03 01:03:32', '2024-06-22 12:49:54'),
(121, 'KB.GS.043', 23, 300000.0000000000, 60000.0000000000, 360000.0000000000, '2024-05-05', '2024-05-05 02:32:50', '2024-06-22 12:49:54'),
(122, 'KB.GS.043', 23, 300000.0000000000, 60000.0000000000, 360000.0000000000, NULL, '2024-02-12 03:21:14', '2024-06-22 12:49:54'),
(123, 'KB.GS.043', 23, 300000.0000000000, 60000.0000000000, 360000.0000000000, NULL, '2024-02-12 03:21:14', '2024-06-22 12:49:54'),
(124, 'KB.GS.043', 23, 300000.0000000000, 60000.0000000000, 360000.0000000000, NULL, '2024-02-12 03:21:14', '2024-06-22 12:49:54'),
(125, 'KB.GS.043', 23, 300000.0000000000, 60000.0000000000, 360000.0000000000, NULL, '2024-02-12 03:21:14', '2024-06-22 12:49:54'),
(126, 'KB.GS.043', 23, 300000.0000000000, 60000.0000000000, 360000.0000000000, NULL, '2024-02-12 03:21:14', '2024-06-22 12:49:54'),
(127, 'KB.GS.043', 23, 300000.0000000000, 60000.0000000000, 360000.0000000000, NULL, '2024-02-12 03:21:14', '2024-06-22 12:49:54'),
(128, 'KB.GS.052', 24, 400000.0000000000, 40000.0000000000, 440000.0000000000, '2024-02-12', '2024-02-12 03:37:00', '2024-06-22 12:49:54'),
(129, 'KB.GS.052', 24, 400000.0000000000, 40000.0000000000, 440000.0000000000, '2024-04-03', '2024-04-03 01:06:22', '2024-06-22 12:49:54'),
(130, 'KB.GS.052', 24, 400000.0000000000, 40000.0000000000, 440000.0000000000, NULL, '2024-02-12 03:21:44', '2024-06-22 12:49:54'),
(131, 'KB.GS.052', 24, 400000.0000000000, 40000.0000000000, 440000.0000000000, NULL, '2024-02-12 03:21:44', '2024-06-22 12:49:54'),
(132, 'KB.GS.052', 24, 400000.0000000000, 40000.0000000000, 440000.0000000000, NULL, '2024-02-12 03:21:44', '2024-06-22 12:49:54'),
(133, 'KB.GS.036', 25, 666666.6666666666, 40000.0000000000, 706666.6666666666, '2024-02-12', '2024-02-12 03:31:39', '2024-06-22 12:49:54'),
(134, 'KB.GS.036', 25, 666666.6666666666, 40000.0000000000, 706666.6666666666, '2024-03-04', '2024-03-04 01:17:29', '2024-06-22 12:49:54'),
(135, 'KB.GS.036', 25, 666666.6666666666, 40000.0000000000, 706666.6666666666, '2024-04-18', '2024-04-18 02:54:18', '2024-06-22 12:49:54'),
(136, 'KB.GS.056', 26, 333333.3333333333, 20000.0000000000, 353333.3333333333, '2024-02-12', '2024-02-12 03:33:59', '2024-06-22 12:49:54'),
(137, 'KB.GS.056', 26, 333333.3333333333, 20000.0000000000, 353333.3333333333, '2024-03-04', '2024-03-04 01:13:06', '2024-06-22 12:49:54'),
(138, 'KB.GS.056', 26, 333333.3333333333, 20000.0000000000, 353333.3333333333, '2024-04-04', '2024-04-04 00:55:16', '2024-06-22 12:49:54'),
(139, 'KB.GS.027', 27, 625000.0000000000, 100000.0000000000, 725000.0000000000, '2024-03-04', '2024-03-04 03:32:09', '2024-06-22 12:49:54'),
(140, 'KB.GS.027', 27, 625000.0000000000, 100000.0000000000, 725000.0000000000, NULL, '2024-02-12 03:23:38', '2024-06-22 12:49:54'),
(141, 'KB.GS.027', 27, 625000.0000000000, 100000.0000000000, 725000.0000000000, NULL, '2024-02-12 03:23:38', '2024-06-22 12:49:54'),
(142, 'KB.GS.027', 27, 625000.0000000000, 100000.0000000000, 725000.0000000000, NULL, '2024-02-12 03:23:38', '2024-06-22 12:49:54'),
(143, 'KB.GS.027', 27, 625000.0000000000, 100000.0000000000, 725000.0000000000, NULL, '2024-02-12 03:23:38', '2024-06-22 12:49:54'),
(144, 'KB.GS.027', 27, 625000.0000000000, 100000.0000000000, 725000.0000000000, NULL, '2024-02-12 03:23:38', '2024-06-22 12:49:54'),
(145, 'KB.GS.027', 27, 625000.0000000000, 100000.0000000000, 725000.0000000000, NULL, '2024-02-12 03:23:38', '2024-06-22 12:49:54'),
(146, 'KB.GS.027', 27, 625000.0000000000, 100000.0000000000, 725000.0000000000, NULL, '2024-02-12 03:23:38', '2024-06-22 12:49:54'),
(147, 'KB.GS.044', 28, 400000.0000000000, 80000.0000000000, 480000.0000000000, '2024-03-04', '2024-03-04 01:20:05', '2024-06-22 12:49:54'),
(148, 'KB.GS.044', 28, 400000.0000000000, 80000.0000000000, 480000.0000000000, '2024-04-03', '2024-04-03 02:51:52', '2024-06-22 12:49:54'),
(149, 'KB.GS.044', 28, 400000.0000000000, 80000.0000000000, 480000.0000000000, '2024-05-03', '2024-05-03 04:13:38', '2024-06-22 12:49:54'),
(150, 'KB.GS.044', 28, 400000.0000000000, 80000.0000000000, 480000.0000000000, NULL, '2024-02-12 03:24:15', '2024-06-22 12:49:54'),
(151, 'KB.GS.044', 28, 400000.0000000000, 80000.0000000000, 480000.0000000000, NULL, '2024-02-12 03:24:15', '2024-06-22 12:49:54'),
(152, 'KB.GS.044', 28, 400000.0000000000, 80000.0000000000, 480000.0000000000, NULL, '2024-02-12 03:24:15', '2024-06-22 12:49:54'),
(153, 'KB.GS.044', 28, 400000.0000000000, 80000.0000000000, 480000.0000000000, NULL, '2024-02-12 03:24:15', '2024-06-22 12:49:54'),
(154, 'KB.GS.044', 28, 400000.0000000000, 80000.0000000000, 480000.0000000000, NULL, '2024-02-12 03:24:15', '2024-06-22 12:49:54'),
(155, 'KB.GS.044', 28, 400000.0000000000, 80000.0000000000, 480000.0000000000, NULL, '2024-02-12 03:24:15', '2024-06-22 12:49:54'),
(156, 'KB.GS.044', 28, 400000.0000000000, 80000.0000000000, 480000.0000000000, NULL, '2024-02-12 03:24:15', '2024-06-22 12:49:54'),
(157, 'KB.GS.094', 38, 500000.0000000000, 60000.0000000000, 560000.0000000000, '2024-03-05', '2024-03-05 08:53:21', '2024-06-22 12:49:54'),
(158, 'KB.GS.094', 38, 500000.0000000000, 60000.0000000000, 560000.0000000000, '2024-04-03', '2024-04-03 01:01:00', '2024-06-22 12:49:54'),
(159, 'KB.GS.094', 38, 500000.0000000000, 60000.0000000000, 560000.0000000000, '2024-05-03', '2024-05-03 09:23:48', '2024-06-22 12:49:54'),
(160, 'KB.GS.094', 38, 500000.0000000000, 60000.0000000000, 560000.0000000000, NULL, '2024-02-12 03:41:35', '2024-06-22 12:49:54'),
(161, 'KB.GS.094', 38, 500000.0000000000, 60000.0000000000, 560000.0000000000, NULL, '2024-02-12 03:41:35', '2024-06-22 12:49:54'),
(162, 'KB.GS.094', 38, 500000.0000000000, 60000.0000000000, 560000.0000000000, NULL, '2024-02-12 03:41:35', '2024-06-22 12:49:54'),
(163, 'KB.GS.022', 52, 625000.0000000000, 100000.0000000000, 725000.0000000000, '2024-03-04', '2024-03-04 01:22:13', '2024-06-22 12:49:54'),
(164, 'KB.GS.022', 52, 625000.0000000000, 100000.0000000000, 725000.0000000000, '2024-03-04', '2024-03-04 01:22:14', '2024-06-22 12:49:54'),
(165, 'KB.GS.022', 52, 625000.0000000000, 100000.0000000000, 725000.0000000000, '2024-03-04', '2024-03-04 01:22:16', '2024-06-22 12:49:54'),
(166, 'KB.GS.022', 52, 625000.0000000000, 100000.0000000000, 725000.0000000000, NULL, '2024-03-04 01:22:02', '2024-06-22 12:49:54'),
(167, 'KB.GS.022', 52, 625000.0000000000, 100000.0000000000, 725000.0000000000, NULL, '2024-03-04 01:22:02', '2024-06-22 12:49:54'),
(168, 'KB.GS.022', 52, 625000.0000000000, 100000.0000000000, 725000.0000000000, NULL, '2024-03-04 01:22:02', '2024-06-22 12:49:54'),
(169, 'KB.GS.022', 52, 625000.0000000000, 100000.0000000000, 725000.0000000000, NULL, '2024-03-04 01:22:02', '2024-06-22 12:49:54'),
(170, 'KB.GS.022', 52, 625000.0000000000, 100000.0000000000, 725000.0000000000, NULL, '2024-03-04 01:22:02', '2024-06-22 12:49:54'),
(171, 'KB.GS.047', 60, 500000.0000000000, 60000.0000000000, 560000.0000000000, '2024-03-06', '2024-03-06 02:55:35', '2024-06-22 12:49:54'),
(172, 'KB.GS.047', 60, 500000.0000000000, 60000.0000000000, 560000.0000000000, '2024-03-06', '2024-03-06 02:55:38', '2024-06-22 12:49:54'),
(173, 'KB.GS.047', 60, 500000.0000000000, 60000.0000000000, 560000.0000000000, '2024-04-04', '2024-04-04 03:39:46', '2024-06-22 12:49:54'),
(174, 'KB.GS.047', 60, 500000.0000000000, 60000.0000000000, 560000.0000000000, '2024-05-03', '2024-05-03 03:48:31', '2024-06-22 12:49:54'),
(175, 'KB.GS.047', 60, 500000.0000000000, 60000.0000000000, 560000.0000000000, NULL, '2024-03-06 02:55:26', '2024-06-22 12:49:54'),
(176, 'KB.GS.047', 60, 500000.0000000000, 60000.0000000000, 560000.0000000000, NULL, '2024-03-06 02:55:26', '2024-06-22 12:49:54'),
(177, 'KB.GS.032', 64, 500000.0000000000, 60000.0000000000, 560000.0000000000, '2024-04-03', '2024-04-03 00:59:41', '2024-06-22 12:49:54'),
(178, 'KB.GS.032', 64, 500000.0000000000, 60000.0000000000, 560000.0000000000, '2024-05-03', '2024-05-03 00:14:44', '2024-06-22 12:49:54'),
(179, 'KB.GS.032', 64, 500000.0000000000, 60000.0000000000, 560000.0000000000, NULL, '2024-04-02 01:39:52', '2024-06-22 12:49:54'),
(180, 'KB.GS.032', 64, 500000.0000000000, 60000.0000000000, 560000.0000000000, NULL, '2024-04-02 01:39:52', '2024-06-22 12:49:54'),
(181, 'KB.GS.032', 64, 500000.0000000000, 60000.0000000000, 560000.0000000000, NULL, '2024-04-02 01:39:52', '2024-06-22 12:49:54'),
(182, 'KB.GS.032', 64, 500000.0000000000, 60000.0000000000, 560000.0000000000, NULL, '2024-04-02 01:39:52', '2024-06-22 12:49:54'),
(183, 'KB.GS.031', 76, 500000.0000000000, 100000.0000000000, 600000.0000000000, '2024-04-03', '2024-04-03 01:24:20', '2024-06-22 12:49:54'),
(184, 'KB.GS.031', 76, 500000.0000000000, 100000.0000000000, 600000.0000000000, '2024-05-03', '2024-05-03 00:15:23', '2024-06-22 12:49:54'),
(185, 'KB.GS.031', 76, 500000.0000000000, 100000.0000000000, 600000.0000000000, NULL, '2024-04-03 01:23:23', '2024-06-22 12:49:54'),
(186, 'KB.GS.031', 76, 500000.0000000000, 100000.0000000000, 600000.0000000000, NULL, '2024-04-03 01:23:23', '2024-06-22 12:49:54'),
(187, 'KB.GS.031', 76, 500000.0000000000, 100000.0000000000, 600000.0000000000, NULL, '2024-04-03 01:23:23', '2024-06-22 12:49:54'),
(188, 'KB.GS.031', 76, 500000.0000000000, 100000.0000000000, 600000.0000000000, NULL, '2024-04-03 01:23:23', '2024-06-22 12:49:54'),
(189, 'KB.GS.031', 76, 500000.0000000000, 100000.0000000000, 600000.0000000000, NULL, '2024-04-03 01:23:23', '2024-06-22 12:49:54'),
(190, 'KB.GS.031', 76, 500000.0000000000, 100000.0000000000, 600000.0000000000, NULL, '2024-04-03 01:23:23', '2024-06-22 12:49:54'),
(191, 'KB.GS.031', 76, 500000.0000000000, 100000.0000000000, 600000.0000000000, NULL, '2024-04-03 01:23:23', '2024-06-22 12:49:54'),
(192, 'KB.GS.031', 76, 500000.0000000000, 100000.0000000000, 600000.0000000000, NULL, '2024-04-03 01:23:23', '2024-06-22 12:49:54'),
(193, 'KB.GS.065', 80, 454545.4545454545, 100000.0000000000, 554545.4545454546, '2024-04-03', '2024-04-03 02:53:42', '2024-06-22 12:49:54'),
(194, 'KB.GS.065', 80, 454545.4545454545, 100000.0000000000, 554545.4545454546, '2024-05-03', '2024-05-03 00:15:07', '2024-06-22 12:49:54'),
(195, 'KB.GS.065', 80, 454545.4545454545, 100000.0000000000, 554545.4545454546, NULL, '2024-04-03 02:53:30', '2024-06-22 12:49:54'),
(196, 'KB.GS.065', 80, 454545.4545454545, 100000.0000000000, 554545.4545454546, NULL, '2024-04-03 02:53:30', '2024-06-22 12:49:54'),
(197, 'KB.GS.065', 80, 454545.4545454545, 100000.0000000000, 554545.4545454546, NULL, '2024-04-03 02:53:30', '2024-06-22 12:49:54'),
(198, 'KB.GS.065', 80, 454545.4545454545, 100000.0000000000, 554545.4545454546, NULL, '2024-04-03 02:53:30', '2024-06-22 12:49:54'),
(199, 'KB.GS.065', 80, 454545.4545454545, 100000.0000000000, 554545.4545454546, NULL, '2024-04-03 02:53:30', '2024-06-22 12:49:54'),
(200, 'KB.GS.065', 80, 454545.4545454545, 100000.0000000000, 554545.4545454546, NULL, '2024-04-03 02:53:30', '2024-06-22 12:49:54'),
(201, 'KB.GS.065', 80, 454545.4545454545, 100000.0000000000, 554545.4545454546, NULL, '2024-04-03 02:53:30', '2024-06-22 12:49:54'),
(202, 'KB.GS.065', 80, 454545.4545454545, 100000.0000000000, 554545.4545454546, NULL, '2024-04-03 02:53:30', '2024-06-22 12:49:54'),
(203, 'KB.GS.065', 80, 454545.4545454545, 100000.0000000000, 554545.4545454546, NULL, '2024-04-03 02:53:30', '2024-06-22 12:49:54'),
(204, 'KB.GS.066', 91, 300000.0000000000, 60000.0000000000, 360000.0000000000, '2024-04-18', '2024-04-18 03:01:08', '2024-06-22 12:49:54'),
(205, 'KB.GS.066', 91, 300000.0000000000, 60000.0000000000, 360000.0000000000, '2024-05-03', '2024-05-03 00:14:55', '2024-06-22 12:49:54'),
(206, 'KB.GS.066', 91, 300000.0000000000, 60000.0000000000, 360000.0000000000, NULL, '2024-04-18 03:00:43', '2024-06-22 12:49:54'),
(207, 'KB.GS.066', 91, 300000.0000000000, 60000.0000000000, 360000.0000000000, NULL, '2024-04-18 03:00:43', '2024-06-22 12:49:54'),
(208, 'KB.GS.066', 91, 300000.0000000000, 60000.0000000000, 360000.0000000000, NULL, '2024-04-18 03:00:43', '2024-06-22 12:49:54'),
(209, 'KB.GS.066', 91, 300000.0000000000, 60000.0000000000, 360000.0000000000, NULL, '2024-04-18 03:00:43', '2024-06-22 12:49:54'),
(210, 'KB.GS.066', 91, 300000.0000000000, 60000.0000000000, 360000.0000000000, NULL, '2024-04-18 03:00:43', '2024-06-22 12:49:54'),
(211, 'KB.GS.066', 91, 300000.0000000000, 60000.0000000000, 360000.0000000000, NULL, '2024-04-18 03:00:43', '2024-06-22 12:49:54'),
(212, 'KB.GS.066', 91, 300000.0000000000, 60000.0000000000, 360000.0000000000, NULL, '2024-04-18 03:00:43', '2024-06-22 12:49:54'),
(213, 'KB.GS.066', 91, 300000.0000000000, 60000.0000000000, 360000.0000000000, NULL, '2024-04-18 03:00:43', '2024-06-22 12:49:54'),
(214, 'KB.GS.093', 103, 500000.0000000000, 40000.0000000000, 540000.0000000000, '2024-05-03', '2024-05-03 01:37:14', '2024-06-22 12:49:54'),
(215, 'KB.GS.093', 103, 500000.0000000000, 40000.0000000000, 540000.0000000000, NULL, '2024-05-03 00:18:08', '2024-06-22 12:49:54'),
(216, 'KB.GS.093', 103, 500000.0000000000, 40000.0000000000, 540000.0000000000, NULL, '2024-05-03 00:18:08', '2024-06-22 12:49:54'),
(217, 'KB.GS.093', 103, 500000.0000000000, 40000.0000000000, 540000.0000000000, NULL, '2024-05-03 00:18:08', '2024-06-22 12:49:54'),
(218, 'KB.GS.020', 104, 500000.0000000000, 40000.0000000000, 540000.0000000000, '2024-05-03', '2024-05-03 08:14:54', '2024-06-22 12:49:54'),
(219, 'KB.GS.020', 104, 500000.0000000000, 40000.0000000000, 540000.0000000000, NULL, '2024-05-03 01:15:40', '2024-06-22 12:49:54'),
(220, 'KB.GS.020', 104, 500000.0000000000, 40000.0000000000, 540000.0000000000, NULL, '2024-05-03 01:15:40', '2024-06-22 12:49:54'),
(221, 'KB.GS.020', 104, 500000.0000000000, 40000.0000000000, 540000.0000000000, NULL, '2024-05-03 01:15:40', '2024-06-22 12:49:54'),
(222, 'KB.GS.056', 105, 500000.0000000000, 60000.0000000000, 560000.0000000000, '2024-05-03', '2024-05-03 09:21:40', '2024-06-22 12:49:54'),
(223, 'KB.GS.056', 105, 500000.0000000000, 60000.0000000000, 560000.0000000000, NULL, '2024-05-03 01:17:36', '2024-06-22 12:49:54'),
(224, 'KB.GS.056', 105, 500000.0000000000, 60000.0000000000, 560000.0000000000, NULL, '2024-05-03 01:17:36', '2024-06-22 12:49:54'),
(225, 'KB.GS.056', 105, 500000.0000000000, 60000.0000000000, 560000.0000000000, NULL, '2024-05-03 01:17:36', '2024-06-22 12:49:54'),
(226, 'KB.GS.056', 105, 500000.0000000000, 60000.0000000000, 560000.0000000000, NULL, '2024-05-03 01:17:36', '2024-06-22 12:49:54'),
(227, 'KB.GS.056', 105, 500000.0000000000, 60000.0000000000, 560000.0000000000, NULL, '2024-05-03 01:17:36', '2024-06-22 12:49:54'),
(228, 'KB.GS.090', 119, 500000.0000000000, 60000.0000000000, 560000.0000000000, NULL, '2024-05-14 06:37:32', '2024-06-22 12:49:54'),
(229, 'KB.GS.090', 119, 500000.0000000000, 60000.0000000000, 560000.0000000000, NULL, '2024-05-14 06:37:32', '2024-06-22 12:49:54'),
(230, 'KB.GS.090', 119, 500000.0000000000, 60000.0000000000, 560000.0000000000, NULL, '2024-05-14 06:37:32', '2024-06-22 12:49:54'),
(231, 'KB.GS.090', 119, 500000.0000000000, 60000.0000000000, 560000.0000000000, NULL, '2024-05-14 06:37:32', '2024-06-22 12:49:54'),
(232, 'KB.GS.090', 119, 500000.0000000000, 60000.0000000000, 560000.0000000000, NULL, '2024-05-14 06:37:32', '2024-06-22 12:49:54'),
(233, 'KB.GS.090', 119, 500000.0000000000, 60000.0000000000, 560000.0000000000, NULL, '2024-05-14 06:37:32', '2024-06-22 12:49:54');

-- --------------------------------------------------------

--
-- Table structure for table `tbl_bayarangsuran`
--

CREATE TABLE `tbl_bayarangsuran` (
  `id` int(11) NOT NULL,
  `idPinjam` int(11) DEFAULT NULL,
  `uangAngsuran` decimal(65,10) DEFAULT NULL,
  `jasaUang` decimal(65,10) DEFAULT NULL,
  `totalBayar` decimal(65,10) DEFAULT NULL,
  `tanggalBayar` varchar(50) DEFAULT NULL,
  `createdAt` datetime NOT NULL DEFAULT current_timestamp()
) ENGINE=InnoDB DEFAULT CHARSET=latin1 COLLATE=latin1_swedish_ci ROW_FORMAT=COMPACT;

--
-- Dumping data for table `tbl_bayarangsuran`
--

INSERT INTO `tbl_bayarangsuran` (`id`, `idPinjam`, `uangAngsuran`, `jasaUang`, `totalBayar`, `tanggalBayar`, `createdAt`) VALUES
(1, 4, 2000000.0000000000, 40000.0000000000, 2040000.0000000000, '2024-02-05', '2024-02-05 10:13:36'),
(2, 2, 416666.6666666667, 100000.0000000000, 516666.6666666667, '2024-02-05', '2024-02-05 12:05:05'),
(3, 7, 500000.0000000000, 100000.0000000000, 600000.0000000000, '2024-02-06', '2024-02-06 08:15:17'),
(4, 12, 1000000.0000000000, 20000.0000000000, 1020000.0000000000, '2024-02-06', '2024-02-06 08:20:07'),
(5, 9, 500000.0000000000, 40000.0000000000, 540000.0000000000, '2024-02-06', '2024-02-06 08:20:28'),
(6, 3, 2500000.0000000000, 250000.0000000000, 2750000.0000000000, '2024-02-06', '2024-02-06 08:44:02'),
(7, 25, 666666.6666666666, 40000.0000000000, 706666.6666666666, '2024-02-12', '2024-02-12 10:31:39'),
(8, 22, 500000.0000000000, 60000.0000000000, 560000.0000000000, '2024-02-12', '2024-02-12 10:32:02'),
(9, 18, 500000.0000000000, 60000.0000000000, 560000.0000000000, '2024-02-12', '2024-02-12 10:32:15'),
(10, 19, 500000.0000000000, 40000.0000000000, 540000.0000000000, '2024-02-12', '2024-02-12 10:32:35'),
(11, 23, 300000.0000000000, 60000.0000000000, 360000.0000000000, '2024-02-12', '2024-02-12 10:32:49'),
(12, 26, 333333.3333333333, 20000.0000000000, 353333.3333333333, '2024-02-12', '2024-02-12 10:33:59'),
(13, 20, 500000.0000000000, 100000.0000000000, 600000.0000000000, '2024-02-12', '2024-02-12 10:35:45'),
(14, 1, 500000.0000000000, 120000.0000000000, 620000.0000000000, '2024-02-12', '2024-02-12 10:36:25'),
(15, 24, 400000.0000000000, 40000.0000000000, 440000.0000000000, '2024-02-12', '2024-02-12 10:37:00'),
(16, 10, 500000.0000000000, 100000.0000000000, 600000.0000000000, '2024-02-12', '2024-02-12 14:27:38'),
(17, 16, 300000.0000000000, 60000.0000000000, 360000.0000000000, '2024-02-12', '2024-02-12 14:28:10'),
(18, 2, 416666.6666666667, 100000.0000000000, 516666.6666666667, '2024-03-04', '2024-03-04 08:09:44'),
(19, 19, 500000.0000000000, 40000.0000000000, 540000.0000000000, '2024-03-04', '2024-03-04 08:10:23'),
(20, 16, 300000.0000000000, 60000.0000000000, 360000.0000000000, '2024-03-04', '2024-03-04 08:11:32'),
(21, 22, 500000.0000000000, 60000.0000000000, 560000.0000000000, '2024-03-04', '2024-03-04 08:12:20'),
(22, 26, 333333.3333333333, 20000.0000000000, 353333.3333333333, '2024-03-04', '2024-03-04 08:13:06'),
(23, 7, 500000.0000000000, 100000.0000000000, 600000.0000000000, '2024-03-04', '2024-03-04 08:13:36'),
(24, 25, 666666.6666666666, 40000.0000000000, 706666.6666666666, '2024-03-04', '2024-03-04 08:17:29'),
(25, 10, 500000.0000000000, 100000.0000000000, 600000.0000000000, '2024-03-04', '2024-03-04 08:19:29'),
(26, 9, 500000.0000000000, 40000.0000000000, 540000.0000000000, '2024-03-04', '2024-03-04 08:19:49'),
(27, 28, 400000.0000000000, 80000.0000000000, 480000.0000000000, '2024-03-04', '2024-03-04 08:20:05'),
(28, 23, 300000.0000000000, 60000.0000000000, 360000.0000000000, '2024-03-04', '2024-03-04 08:20:17'),
(29, 52, 625000.0000000000, 100000.0000000000, 725000.0000000000, '2024-03-04', '2024-03-04 08:22:13'),
(30, 52, 625000.0000000000, 100000.0000000000, 725000.0000000000, '2024-03-04', '2024-03-04 08:22:14'),
(31, 52, 625000.0000000000, 100000.0000000000, 725000.0000000000, '2024-03-04', '2024-03-04 08:22:16'),
(32, 3, 625000.0000000000, 100000.0000000000, 725000.0000000000, '2024-03-04', '2024-03-04 10:32:09'),
(33, 20, 500000.0000000000, 100000.0000000000, 600000.0000000000, '2024-03-05', '2024-03-05 08:53:25'),
(34, 38, 500000.0000000000, 60000.0000000000, 560000.0000000000, '2024-03-05', '2024-03-05 15:53:21'),
(35, 18, 500000.0000000000, 60000.0000000000, 560000.0000000000, '2024-03-05', '2024-03-05 15:54:07'),
(36, 60, 500000.0000000000, 60000.0000000000, 560000.0000000000, '2024-03-06', '2024-03-06 09:55:35'),
(37, 60, 500000.0000000000, 60000.0000000000, 560000.0000000000, '2024-03-06', '2024-03-06 09:55:38'),
(38, 21, 500000.0000000000, 60000.0000000000, 560000.0000000000, '2024-03-25', '2024-03-25 09:50:53'),
(39, 64, 500000.0000000000, 60000.0000000000, 560000.0000000000, '2024-04-03', '2024-04-03 07:59:43'),
(40, 22, 500000.0000000000, 60000.0000000000, 560000.0000000000, '2024-04-03', '2024-04-03 08:00:31'),
(41, 38, 500000.0000000000, 60000.0000000000, 560000.0000000000, '2024-04-03', '2024-04-03 08:01:00'),
(42, 18, 500000.0000000000, 60000.0000000000, 560000.0000000000, '2024-04-03', '2024-04-03 08:01:21'),
(43, 2, 416666.6666666667, 100000.0000000000, 516666.6666666667, '2024-04-03', '2024-04-03 08:01:45'),
(44, 23, 300000.0000000000, 60000.0000000000, 360000.0000000000, '2024-04-03', '2024-04-03 08:03:32'),
(45, 1, 500000.0000000000, 120000.0000000000, 620000.0000000000, '2024-04-03', '2024-04-03 08:05:20'),
(46, 7, 500000.0000000000, 100000.0000000000, 600000.0000000000, '2024-04-03', '2024-04-03 08:05:51'),
(47, 20, 500000.0000000000, 100000.0000000000, 600000.0000000000, '2024-04-03', '2024-04-03 08:06:06'),
(48, 24, 400000.0000000000, 40000.0000000000, 440000.0000000000, '2024-04-03', '2024-04-03 08:06:22'),
(49, 15, 400000.0000000000, 80000.0000000000, 480000.0000000000, '2024-04-03', '2024-04-03 08:22:11'),
(50, 76, 500000.0000000000, 100000.0000000000, 600000.0000000000, '2024-04-03', '2024-04-03 08:24:20'),
(51, 9, 500000.0000000000, 40000.0000000000, 540000.0000000000, '2024-04-03', '2024-04-03 09:49:42'),
(52, 28, 400000.0000000000, 80000.0000000000, 480000.0000000000, '2024-04-03', '2024-04-03 09:51:53'),
(53, 80, 454545.4545454545, 100000.0000000000, 554545.4545454546, '2024-04-03', '2024-04-03 09:53:42'),
(54, 15, 400000.0000000000, 80000.0000000000, 480000.0000000000, '2024-04-04', '2024-04-04 07:32:22'),
(55, 26, 333333.3333333333, 20000.0000000000, 353333.3333333333, '2024-04-04', '2024-04-04 07:55:17'),
(56, 16, 300000.0000000000, 60000.0000000000, 360000.0000000000, '2024-04-04', '2024-04-04 09:05:40'),
(57, 19, 500000.0000000000, 40000.0000000000, 540000.0000000000, '2024-04-04', '2024-04-04 09:06:51'),
(58, 60, 500000.0000000000, 60000.0000000000, 560000.0000000000, '2024-04-04', '2024-04-04 10:39:46'),
(59, 11, 500000.0000000000, 100000.0000000000, 600000.0000000000, '2024-04-04', '2024-04-04 14:05:40'),
(60, 11, 500000.0000000000, 100000.0000000000, 600000.0000000000, '2024-04-04', '2024-04-04 14:05:44'),
(61, 21, 500000.0000000000, 60000.0000000000, 560000.0000000000, '2024-04-05', '2024-04-05 13:39:24'),
(62, 25, 666666.6666666666, 40000.0000000000, 706666.6666666666, '2024-04-18', '2024-04-18 09:54:19'),
(63, 91, 300000.0000000000, 60000.0000000000, 360000.0000000000, '2024-04-18', '2024-04-18 10:01:08'),
(64, 10, 500000.0000000000, 100000.0000000000, 600000.0000000000, '2024-04-19', '2024-04-19 09:45:54'),
(65, 9, 500000.0000000000, 40000.0000000000, 540000.0000000000, '2024-05-03', '2024-05-03 07:14:32'),
(66, 64, 500000.0000000000, 60000.0000000000, 560000.0000000000, '2024-05-03', '2024-05-03 07:14:44'),
(67, 91, 300000.0000000000, 60000.0000000000, 360000.0000000000, '2024-05-03', '2024-05-03 07:14:55'),
(68, 80, 454545.4545454545, 100000.0000000000, 554545.4545454546, '2024-05-03', '2024-05-03 07:15:07'),
(69, 76, 500000.0000000000, 100000.0000000000, 600000.0000000000, '2024-05-03', '2024-05-03 07:15:23'),
(70, 7, 500000.0000000000, 100000.0000000000, 600000.0000000000, '2024-05-03', '2024-05-03 07:15:33'),
(71, 22, 500000.0000000000, 60000.0000000000, 560000.0000000000, '2024-05-03', '2024-05-03 07:15:45'),
(72, 19, 500000.0000000000, 40000.0000000000, 540000.0000000000, '2024-05-03', '2024-05-03 07:16:02'),
(73, 2, 416666.6666666667, 100000.0000000000, 516666.6666666667, '2024-05-03', '2024-05-03 07:17:21'),
(74, 103, 500000.0000000000, 40000.0000000000, 540000.0000000000, '2024-05-03', '2024-05-03 08:37:14'),
(75, 18, 500000.0000000000, 60000.0000000000, 560000.0000000000, '2024-05-03', '2024-05-03 10:26:23'),
(76, 60, 500000.0000000000, 60000.0000000000, 560000.0000000000, '2024-05-03', '2024-05-03 10:48:32'),
(77, 28, 400000.0000000000, 80000.0000000000, 480000.0000000000, '2024-05-03', '2024-05-03 11:13:38'),
(78, 104, 500000.0000000000, 40000.0000000000, 540000.0000000000, '2024-05-03', '2024-05-03 15:14:55'),
(79, 105, 500000.0000000000, 60000.0000000000, 560000.0000000000, '2024-05-03', '2024-05-03 16:21:40'),
(80, 38, 500000.0000000000, 60000.0000000000, 560000.0000000000, '2024-05-03', '2024-05-03 16:23:48'),
(81, 10, 500000.0000000000, 100000.0000000000, 600000.0000000000, '2024-05-05', '2024-05-05 09:32:34'),
(82, 23, 300000.0000000000, 60000.0000000000, 360000.0000000000, '2024-05-05', '2024-05-05 09:32:51'),
(83, 16, 300000.0000000000, 60000.0000000000, 360000.0000000000, '2024-05-05', '2024-05-05 09:33:03'),
(84, 15, 400000.0000000000, 80000.0000000000, 480000.0000000000, '2024-05-05', '2024-05-05 09:33:35'),
(85, 1, 500000.0000000000, 120000.0000000000, 620000.0000000000, '2024-05-05', '2024-05-05 09:34:12'),
(86, 1, 500000.0000000000, 120000.0000000000, 620000.0000000000, '2024-05-05', '2024-05-05 09:35:57');

-- --------------------------------------------------------

--
-- Table structure for table `tbl_keanggotaan`
--

CREATE TABLE `tbl_keanggotaan` (
  `id` int(11) NOT NULL,
  `jenisSHU` varchar(50) DEFAULT NULL
) ENGINE=InnoDB DEFAULT CHARSET=latin1 COLLATE=latin1_swedish_ci;

--
-- Dumping data for table `tbl_keanggotaan`
--

INSERT INTO `tbl_keanggotaan` (`id`, `jenisSHU`) VALUES
(14, 'Anggota'),
(11, 'Pengurus');

-- --------------------------------------------------------

--
-- Table structure for table `tbl_pembagian_shu`
--

CREATE TABLE `tbl_pembagian_shu` (
  `id` int(11) NOT NULL,
  `jenisSHU` varchar(50) DEFAULT NULL,
  `persentaseSHU` int(11) DEFAULT NULL
) ENGINE=InnoDB DEFAULT CHARSET=latin1 COLLATE=latin1_swedish_ci ROW_FORMAT=COMPACT;

--
-- Dumping data for table `tbl_pembagian_shu`
--

INSERT INTO `tbl_pembagian_shu` (`id`, `jenisSHU`, `persentaseSHU`) VALUES
(1, 'Pengurus', 30),
(2, 'SHU Pinjam', 30),
(3, 'Administrasi', 10),
(4, 'SHU Penyerahan Modal', 10),
(5, 'Non-Anggota', 0),
(6, 'Anggota', 20);

-- --------------------------------------------------------

--
-- Table structure for table `tbl_pengaturan`
--

CREATE TABLE `tbl_pengaturan` (
  `idPengaturan` int(11) NOT NULL,
  `simpananPokok` varchar(255) DEFAULT NULL,
  `simpananWajib` varchar(255) DEFAULT NULL,
  `bungaAngsuran` int(11) DEFAULT NULL
) ENGINE=InnoDB DEFAULT CHARSET=latin1 COLLATE=latin1_swedish_ci;

--
-- Dumping data for table `tbl_pengaturan`
--

INSERT INTO `tbl_pengaturan` (`idPengaturan`, `simpananPokok`, `simpananWajib`, `bungaAngsuran`) VALUES
(1, '200000', '20000', 2);

-- --------------------------------------------------------

--
-- Table structure for table `tbl_pinjam`
--

CREATE TABLE `tbl_pinjam` (
  `id` int(11) NOT NULL,
  `kodeAnggota` varchar(50) DEFAULT NULL,
  `jenisTransaksi` enum('Pinjam','Bayar') DEFAULT NULL,
  `angsuran` int(11) DEFAULT NULL,
  `tanggalTransaksi` varchar(50) DEFAULT NULL,
  `angsuranPokok` decimal(65,10) DEFAULT NULL,
  `angsuranJasa` decimal(65,10) DEFAULT NULL,
  `angsuranPerBulan` decimal(65,10) DEFAULT NULL,
  `createdAt` datetime NOT NULL DEFAULT current_timestamp()
) ENGINE=InnoDB DEFAULT CHARSET=latin1 COLLATE=latin1_swedish_ci ROW_FORMAT=COMPACT;

--
-- Dumping data for table `tbl_pinjam`
--

INSERT INTO `tbl_pinjam` (`id`, `kodeAnggota`, `jenisTransaksi`, `angsuran`, `tanggalTransaksi`, `angsuranPokok`, `angsuranJasa`, `angsuranPerBulan`, `createdAt`) VALUES
(1, 'KB.GS.055', 'Pinjam', 12, '2024-01-02', 6000000.0000000000, 1440000.0000000000, 7440000.0000000000, '2024-02-05 08:54:59'),
(2, 'KB.GS.017', 'Pinjam', 12, '2024-01-02', 5000000.0000000000, 1200000.0000000000, 6200000.0000000000, '2024-02-05 08:57:55'),
(3, 'KB.GS.027', 'Pinjam', 5, '2024-01-02', 2500000.0000000000, 250000.0000000000, 2750000.0000000000, '2024-02-05 09:02:07'),
(4, 'KB.GS.099', 'Pinjam', 1, '2023-12-05', 2000000.0000000000, 40000.0000000000, 2040000.0000000000, '2024-02-05 10:13:16'),
(5, 'KB.GS.099', 'Bayar', 1, '2024-02-05', 2000000.0000000000, 40000.0000000000, 2040000.0000000000, '2024-02-05 10:13:36'),
(6, 'KB.GS.017', 'Bayar', 1, '2024-02-05', 416666.6666666667, 100000.0000000000, 516666.6666666667, '2024-02-05 12:05:05'),
(7, 'KB.GS.057', 'Pinjam', 10, '2024-01-02', 5000000.0000000000, 1000000.0000000000, 6000000.0000000000, '2024-02-06 08:14:47'),
(8, 'KB.GS.057', 'Bayar', 1, '2024-02-06', 500000.0000000000, 100000.0000000000, 600000.0000000000, '2024-02-06 08:15:17'),
(9, 'KB.GS.023', 'Pinjam', 4, '2024-01-02', 2000000.0000000000, 160000.0000000000, 2160000.0000000000, '2024-02-06 08:16:19'),
(10, 'KB.GS.038', 'Pinjam', 10, '2024-01-02', 5000000.0000000000, 1000000.0000000000, 6000000.0000000000, '2024-02-06 08:17:01'),
(11, 'KB.GS.024', 'Pinjam', 10, '2024-01-02', 5000000.0000000000, 1000000.0000000000, 6000000.0000000000, '2024-02-06 08:18:45'),
(12, 'KB.GS.020', 'Pinjam', 1, '2024-01-03', 1000000.0000000000, 20000.0000000000, 1020000.0000000000, '2024-02-06 08:19:50'),
(13, 'KB.GS.020', 'Bayar', 1, '2024-02-06', 1000000.0000000000, 20000.0000000000, 1020000.0000000000, '2024-02-06 08:20:07'),
(14, 'KB.GS.023', 'Bayar', 1, '2024-02-06', 500000.0000000000, 40000.0000000000, 540000.0000000000, '2024-02-06 08:20:28'),
(15, 'KB.GS.068', 'Pinjam', 10, '2024-01-02', 4000000.0000000000, 800000.0000000000, 4800000.0000000000, '2024-02-06 08:25:21'),
(16, 'KB.GS.089', 'Pinjam', 10, '2024-01-03', 3000000.0000000000, 600000.0000000000, 3600000.0000000000, '2024-02-06 08:25:55'),
(17, 'KB.GS.027', 'Bayar', 1, '2024-02-06', 2500000.0000000000, 250000.0000000000, 2750000.0000000000, '2024-02-06 08:44:02'),
(18, 'KB.GS.034', 'Pinjam', 6, '2024-01-08', 3000000.0000000000, 360000.0000000000, 3360000.0000000000, '2024-02-12 10:14:28'),
(19, 'KB.GS.091', 'Pinjam', 4, '2024-01-05', 2000000.0000000000, 160000.0000000000, 2160000.0000000000, '2024-02-12 10:16:10'),
(20, 'KB.GS.064', 'Pinjam', 10, '2024-01-05', 5000000.0000000000, 1000000.0000000000, 6000000.0000000000, '2024-02-12 10:17:19'),
(21, 'KB.GS.099', 'Pinjam', 6, '2024-01-05', 3000000.0000000000, 360000.0000000000, 3360000.0000000000, '2024-02-12 10:18:15'),
(22, 'KB.GS.041', 'Pinjam', 6, '2024-01-08', 3000000.0000000000, 360000.0000000000, 3360000.0000000000, '2024-02-12 10:20:45'),
(23, 'KB.GS.043', 'Pinjam', 10, '2024-01-08', 3000000.0000000000, 600000.0000000000, 3600000.0000000000, '2024-02-12 10:21:14'),
(24, 'KB.GS.052', 'Pinjam', 5, '2024-01-09', 2000000.0000000000, 200000.0000000000, 2200000.0000000000, '2024-02-12 10:21:44'),
(25, 'KB.GS.036', 'Pinjam', 3, '2024-01-10', 2000000.0000000000, 120000.0000000000, 2120000.0000000000, '2024-02-12 10:22:12'),
(26, 'KB.GS.056', 'Pinjam', 3, '2024-01-10', 1000000.0000000000, 60000.0000000000, 1060000.0000000000, '2024-02-12 10:22:45'),
(27, 'KB.GS.027', 'Pinjam', 8, '2024-02-05', 5000000.0000000000, 800000.0000000000, 5800000.0000000000, '2024-02-12 10:23:38'),
(28, 'KB.GS.044', 'Pinjam', 10, '2024-02-05', 4000000.0000000000, 800000.0000000000, 4800000.0000000000, '2024-02-12 10:24:14'),
(29, 'KB.GS.036', 'Bayar', 1, '2024-02-12', 666666.6666666666, 40000.0000000000, 706666.6666666666, '2024-02-12 10:31:39'),
(30, 'KB.GS.041', 'Bayar', 1, '2024-02-12', 500000.0000000000, 60000.0000000000, 560000.0000000000, '2024-02-12 10:32:02'),
(31, 'KB.GS.034', 'Bayar', 1, '2024-02-12', 500000.0000000000, 60000.0000000000, 560000.0000000000, '2024-02-12 10:32:15'),
(32, 'KB.GS.091', 'Bayar', 1, '2024-02-12', 500000.0000000000, 40000.0000000000, 540000.0000000000, '2024-02-12 10:32:35'),
(33, 'KB.GS.043', 'Bayar', 1, '2024-02-12', 300000.0000000000, 60000.0000000000, 360000.0000000000, '2024-02-12 10:32:49'),
(34, 'KB.GS.056', 'Bayar', 1, '2024-02-12', 333333.3333333333, 20000.0000000000, 353333.3333333333, '2024-02-12 10:33:59'),
(35, 'KB.GS.064', 'Bayar', 1, '2024-02-12', 500000.0000000000, 100000.0000000000, 600000.0000000000, '2024-02-12 10:35:45'),
(36, 'KB.GS.055', 'Bayar', 1, '2024-02-12', 500000.0000000000, 120000.0000000000, 620000.0000000000, '2024-02-12 10:36:25'),
(37, 'KB.GS.052', 'Bayar', 1, '2024-02-12', 400000.0000000000, 40000.0000000000, 440000.0000000000, '2024-02-12 10:37:00'),
(38, 'KB.GS.094', 'Pinjam', 6, '2024-02-05', 3000000.0000000000, 360000.0000000000, 3360000.0000000000, '2024-02-12 10:41:35'),
(39, 'KB.GS.038', 'Bayar', 1, '2024-02-12', 500000.0000000000, 100000.0000000000, 600000.0000000000, '2024-02-12 14:27:38'),
(40, 'KB.GS.089', 'Bayar', 1, '2024-02-12', 300000.0000000000, 60000.0000000000, 360000.0000000000, '2024-02-12 14:28:10'),
(41, 'KB.GS.017', 'Bayar', 2, '2024-03-04', 416666.6666666667, 100000.0000000000, 516666.6666666667, '2024-03-04 08:09:44'),
(42, 'KB.GS.091', 'Bayar', 2, '2024-03-04', 500000.0000000000, 40000.0000000000, 540000.0000000000, '2024-03-04 08:10:23'),
(43, 'KB.GS.089', 'Bayar', 2, '2024-03-04', 300000.0000000000, 60000.0000000000, 360000.0000000000, '2024-03-04 08:11:32'),
(44, 'KB.GS.041', 'Bayar', 2, '2024-03-04', 500000.0000000000, 60000.0000000000, 560000.0000000000, '2024-03-04 08:12:20'),
(45, 'KB.GS.056', 'Bayar', 2, '2024-03-04', 333333.3333333333, 20000.0000000000, 353333.3333333333, '2024-03-04 08:13:06'),
(46, 'KB.GS.057', 'Bayar', 2, '2024-03-04', 500000.0000000000, 100000.0000000000, 600000.0000000000, '2024-03-04 08:13:36'),
(47, 'KB.GS.036', 'Bayar', 2, '2024-03-04', 666666.6666666666, 40000.0000000000, 706666.6666666666, '2024-03-04 08:17:29'),
(48, 'KB.GS.038', 'Bayar', 2, '2024-03-04', 500000.0000000000, 100000.0000000000, 600000.0000000000, '2024-03-04 08:19:29'),
(49, 'KB.GS.023', 'Bayar', 2, '2024-03-04', 500000.0000000000, 40000.0000000000, 540000.0000000000, '2024-03-04 08:19:49'),
(50, 'KB.GS.044', 'Bayar', 1, '2024-03-04', 400000.0000000000, 80000.0000000000, 480000.0000000000, '2024-03-04 08:20:05'),
(51, 'KB.GS.043', 'Bayar', 2, '2024-03-04', 300000.0000000000, 60000.0000000000, 360000.0000000000, '2024-03-04 08:20:17'),
(52, 'KB.GS.022', 'Pinjam', 8, '2024-03-04', 5000000.0000000000, 800000.0000000000, 5800000.0000000000, '2024-03-04 08:22:01'),
(53, 'KB.GS.022', 'Bayar', 1, '2024-03-04', 625000.0000000000, 100000.0000000000, 725000.0000000000, '2024-03-04 08:22:13'),
(54, 'KB.GS.022', 'Bayar', 2, '2024-03-04', 625000.0000000000, 100000.0000000000, 725000.0000000000, '2024-03-04 08:22:14'),
(55, 'KB.GS.022', 'Bayar', 3, '2024-03-04', 625000.0000000000, 100000.0000000000, 725000.0000000000, '2024-03-04 08:22:16'),
(56, 'KB.GS.027', 'Bayar', 1, '2024-03-04', 625000.0000000000, 100000.0000000000, 725000.0000000000, '2024-03-04 10:32:09'),
(57, 'KB.GS.064', 'Bayar', 2, '2024-03-05', 500000.0000000000, 100000.0000000000, 600000.0000000000, '2024-03-05 08:53:25'),
(58, 'KB.GS.094', 'Bayar', 1, '2024-03-05', 500000.0000000000, 60000.0000000000, 560000.0000000000, '2024-03-05 15:53:21'),
(59, 'KB.GS.034', 'Bayar', 2, '2024-03-05', 500000.0000000000, 60000.0000000000, 560000.0000000000, '2024-03-05 15:54:07'),
(60, 'KB.GS.047', 'Pinjam', 6, '2024-01-05', 3000000.0000000000, 360000.0000000000, 3360000.0000000000, '2024-03-06 09:55:26'),
(61, 'KB.GS.047', 'Bayar', 1, '2024-03-06', 500000.0000000000, 60000.0000000000, 560000.0000000000, '2024-03-06 09:55:35'),
(62, 'KB.GS.047', 'Bayar', 2, '2024-03-06', 500000.0000000000, 60000.0000000000, 560000.0000000000, '2024-03-06 09:55:38'),
(63, 'KB.GS.099', 'Bayar', 1, '2024-03-25', 500000.0000000000, 60000.0000000000, 560000.0000000000, '2024-03-25 09:50:52'),
(64, 'KB.GS.032', 'Pinjam', 6, '2024-03-11', 3000000.0000000000, 360000.0000000000, 3360000.0000000000, '2024-04-02 08:39:52'),
(65, 'KB.GS.032', 'Bayar', 1, '2024-04-03', 500000.0000000000, 60000.0000000000, 560000.0000000000, '2024-04-03 07:59:42'),
(66, 'KB.GS.041', 'Bayar', 3, '2024-04-03', 500000.0000000000, 60000.0000000000, 560000.0000000000, '2024-04-03 08:00:31'),
(67, 'KB.GS.094', 'Bayar', 2, '2024-04-03', 500000.0000000000, 60000.0000000000, 560000.0000000000, '2024-04-03 08:01:00'),
(68, 'KB.GS.034', 'Bayar', 3, '2024-04-03', 500000.0000000000, 60000.0000000000, 560000.0000000000, '2024-04-03 08:01:20'),
(69, 'KB.GS.017', 'Bayar', 3, '2024-04-03', 416666.6666666667, 100000.0000000000, 516666.6666666667, '2024-04-03 08:01:45'),
(70, 'KB.GS.043', 'Bayar', 3, '2024-04-03', 300000.0000000000, 60000.0000000000, 360000.0000000000, '2024-04-03 08:03:32'),
(71, 'KB.GS.055', 'Bayar', 3, '2024-04-03', 500000.0000000000, 120000.0000000000, 620000.0000000000, '2024-04-03 08:05:20'),
(72, 'KB.GS.057', 'Bayar', 3, '2024-04-03', 500000.0000000000, 100000.0000000000, 600000.0000000000, '2024-04-03 08:05:51'),
(73, 'KB.GS.064', 'Bayar', 3, '2024-04-03', 500000.0000000000, 100000.0000000000, 600000.0000000000, '2024-04-03 08:06:06'),
(74, 'KB.GS.052', 'Bayar', 2, '2024-04-03', 400000.0000000000, 40000.0000000000, 440000.0000000000, '2024-04-03 08:06:22'),
(75, 'KB.GS.068', 'Bayar', 2, '2024-04-03', 400000.0000000000, 80000.0000000000, 480000.0000000000, '2024-04-03 08:22:11'),
(76, 'KB.GS.031', 'Pinjam', 10, '2024-03-11', 5000000.0000000000, 1000000.0000000000, 6000000.0000000000, '2024-04-03 08:23:23'),
(77, 'KB.GS.031', 'Bayar', 1, '2024-04-03', 500000.0000000000, 100000.0000000000, 600000.0000000000, '2024-04-03 08:24:20'),
(78, 'KB.GS.023', 'Bayar', 3, '2024-04-03', 500000.0000000000, 40000.0000000000, 540000.0000000000, '2024-04-03 09:49:42'),
(79, 'KB.GS.044', 'Bayar', 2, '2024-04-03', 400000.0000000000, 80000.0000000000, 480000.0000000000, '2024-04-03 09:51:53'),
(80, 'KB.GS.065', 'Pinjam', 11, '2024-03-05', 5000000.0000000000, 1100000.0000000000, 6100000.0000000000, '2024-04-03 09:53:30'),
(81, 'KB.GS.065', 'Bayar', 1, '2024-04-03', 454545.4545454545, 100000.0000000000, 554545.4545454546, '2024-04-03 09:53:42'),
(82, 'KB.GS.068', 'Bayar', 1, '2024-04-04', 400000.0000000000, 80000.0000000000, 480000.0000000000, '2024-04-04 07:32:22'),
(83, 'KB.GS.056', 'Bayar', 3, '2024-04-04', 333333.3333333333, 20000.0000000000, 353333.3333333333, '2024-04-04 07:55:17'),
(84, 'KB.GS.089', 'Bayar', 3, '2024-04-04', 300000.0000000000, 60000.0000000000, 360000.0000000000, '2024-04-04 09:05:40'),
(85, 'KB.GS.091', 'Bayar', 3, '2024-04-04', 500000.0000000000, 40000.0000000000, 540000.0000000000, '2024-04-04 09:06:51'),
(86, 'KB.GS.047', 'Bayar', 3, '2024-04-04', 500000.0000000000, 60000.0000000000, 560000.0000000000, '2024-04-04 10:39:46'),
(87, 'KB.GS.024', 'Bayar', 1, '2024-04-04', 500000.0000000000, 100000.0000000000, 600000.0000000000, '2024-04-04 14:05:40'),
(88, 'KB.GS.024', 'Bayar', 2, '2024-04-04', 500000.0000000000, 100000.0000000000, 600000.0000000000, '2024-04-04 14:05:44'),
(89, 'KB.GS.099', 'Bayar', 2, '2024-04-05', 500000.0000000000, 60000.0000000000, 560000.0000000000, '2024-04-05 13:39:24'),
(90, 'KB.GS.036', 'Bayar', 3, '2024-04-18', 666666.6666666666, 40000.0000000000, 706666.6666666666, '2024-04-18 09:54:19'),
(91, 'KB.GS.066', 'Pinjam', 10, '2024-03-18', 3000000.0000000000, 600000.0000000000, 3600000.0000000000, '2024-04-18 10:00:43'),
(92, 'KB.GS.066', 'Bayar', 1, '2024-04-18', 300000.0000000000, 60000.0000000000, 360000.0000000000, '2024-04-18 10:01:08'),
(93, 'KB.GS.038', 'Bayar', 3, '2024-04-19', 500000.0000000000, 100000.0000000000, 600000.0000000000, '2024-04-19 09:45:54'),
(94, 'KB.GS.023', 'Bayar', 4, '2024-05-03', 500000.0000000000, 40000.0000000000, 540000.0000000000, '2024-05-03 07:14:32'),
(95, 'KB.GS.032', 'Bayar', 2, '2024-05-03', 500000.0000000000, 60000.0000000000, 560000.0000000000, '2024-05-03 07:14:44'),
(96, 'KB.GS.066', 'Bayar', 2, '2024-05-03', 300000.0000000000, 60000.0000000000, 360000.0000000000, '2024-05-03 07:14:55'),
(97, 'KB.GS.065', 'Bayar', 2, '2024-05-03', 454545.4545454545, 100000.0000000000, 554545.4545454546, '2024-05-03 07:15:07'),
(98, 'KB.GS.031', 'Bayar', 2, '2024-05-03', 500000.0000000000, 100000.0000000000, 600000.0000000000, '2024-05-03 07:15:23'),
(99, 'KB.GS.057', 'Bayar', 4, '2024-05-03', 500000.0000000000, 100000.0000000000, 600000.0000000000, '2024-05-03 07:15:33'),
(100, 'KB.GS.041', 'Bayar', 4, '2024-05-03', 500000.0000000000, 60000.0000000000, 560000.0000000000, '2024-05-03 07:15:45'),
(101, 'KB.GS.091', 'Bayar', 4, '2024-05-03', 500000.0000000000, 40000.0000000000, 540000.0000000000, '2024-05-03 07:16:02'),
(102, 'KB.GS.017', 'Bayar', 4, '2024-05-03', 416666.6666666667, 100000.0000000000, 516666.6666666667, '2024-05-03 07:17:21'),
(103, 'KB.GS.093', 'Pinjam', 4, '2024-04-12', 2000000.0000000000, 160000.0000000000, 2160000.0000000000, '2024-05-03 07:18:08'),
(104, 'KB.GS.020', 'Pinjam', 4, '2024-04-16', 2000000.0000000000, 160000.0000000000, 2160000.0000000000, '2024-05-03 08:15:40'),
(105, 'KB.GS.056', 'Pinjam', 6, '2024-04-16', 3000000.0000000000, 360000.0000000000, 3360000.0000000000, '2024-05-03 08:17:36'),
(106, 'KB.GS.093', 'Bayar', 1, '2024-05-03', 500000.0000000000, 40000.0000000000, 540000.0000000000, '2024-05-03 08:37:14'),
(107, 'KB.GS.034', 'Bayar', 4, '2024-05-03', 500000.0000000000, 60000.0000000000, 560000.0000000000, '2024-05-03 10:26:23'),
(108, 'KB.GS.047', 'Bayar', 4, '2024-05-03', 500000.0000000000, 60000.0000000000, 560000.0000000000, '2024-05-03 10:48:32'),
(109, 'KB.GS.044', 'Bayar', 3, '2024-05-03', 400000.0000000000, 80000.0000000000, 480000.0000000000, '2024-05-03 11:13:38'),
(110, 'KB.GS.020', 'Bayar', 1, '2024-05-03', 500000.0000000000, 40000.0000000000, 540000.0000000000, '2024-05-03 15:14:54'),
(111, 'KB.GS.056', 'Bayar', 1, '2024-05-03', 500000.0000000000, 60000.0000000000, 560000.0000000000, '2024-05-03 16:21:40'),
(112, 'KB.GS.094', 'Bayar', 3, '2024-05-03', 500000.0000000000, 60000.0000000000, 560000.0000000000, '2024-05-03 16:23:48'),
(113, 'KB.GS.038', 'Bayar', 4, '2024-05-05', 500000.0000000000, 100000.0000000000, 600000.0000000000, '2024-05-05 09:32:34'),
(114, 'KB.GS.043', 'Bayar', 4, '2024-05-05', 300000.0000000000, 60000.0000000000, 360000.0000000000, '2024-05-05 09:32:51'),
(115, 'KB.GS.089', 'Bayar', 4, '2024-05-05', 300000.0000000000, 60000.0000000000, 360000.0000000000, '2024-05-05 09:33:03'),
(116, 'KB.GS.068', 'Bayar', 3, '2024-05-05', 400000.0000000000, 80000.0000000000, 480000.0000000000, '2024-05-05 09:33:34'),
(117, 'KB.GS.055', 'Bayar', 2, '2024-05-05', 500000.0000000000, 120000.0000000000, 620000.0000000000, '2024-05-05 09:34:12'),
(118, 'KB.GS.055', 'Bayar', 4, '2024-05-05', 500000.0000000000, 120000.0000000000, 620000.0000000000, '2024-05-05 09:35:57'),
(119, 'KB.GS.090', 'Pinjam', 6, '2024-05-13', 3000000.0000000000, 360000.0000000000, 3360000.0000000000, '2024-05-14 13:37:32');

-- --------------------------------------------------------

--
-- Table structure for table `tbl_simpan`
--

CREATE TABLE `tbl_simpan` (
  `id` int(50) NOT NULL,
  `kodeAnggota` varchar(50) DEFAULT NULL,
  `tanggalSimpan` varchar(50) DEFAULT NULL,
  `jenisSimpan` varchar(50) DEFAULT NULL,
  `saldo` decimal(65,10) DEFAULT NULL,
  `uploadFile` varchar(225) DEFAULT NULL,
  `createdAt` datetime NOT NULL DEFAULT current_timestamp()
) ENGINE=InnoDB DEFAULT CHARSET=latin1 COLLATE=latin1_swedish_ci ROW_FORMAT=COMPACT;

--
-- Dumping data for table `tbl_simpan`
--

INSERT INTO `tbl_simpan` (`id`, `kodeAnggota`, `tanggalSimpan`, `jenisSimpan`, `saldo`, `uploadFile`, `createdAt`) VALUES
(1, 'KB.GS.017', '2024-01-19', 'Simpanan Pokok', 200000.0000000000, NULL, '2024-01-19 19:15:34'),
(2, 'KB.GS.017', '2024-01-19', 'Simpanan Sukarela', 92437.0000000000, NULL, '2024-01-19 19:19:55'),
(3, 'KB.GS.001', '2024-01-19', 'Simpanan Pokok', 200000.0000000000, NULL, '2024-01-19 19:23:05'),
(4, 'KB.GS.002', '2024-01-19', 'Simpanan Pokok', 200000.0000000000, NULL, '2024-01-19 19:23:40'),
(5, 'KB.GS.003', '2024-01-19', 'Simpanan Pokok', 200000.0000000000, NULL, '2024-01-19 19:24:20'),
(6, 'KB.GS.004', '2024-01-19', 'Simpanan Pokok', 200000.0000000000, NULL, '2024-01-19 19:24:46'),
(7, 'KB.GS.005', '2024-01-19', 'Simpanan Pokok', 200000.0000000000, NULL, '2024-01-19 19:24:51'),
(8, 'KB.GS.007', '2024-01-19', 'Simpanan Pokok', 200000.0000000000, NULL, '2024-01-19 19:24:55'),
(9, 'KB.GS.008', '2024-01-19', 'Simpanan Pokok', 200000.0000000000, NULL, '2024-01-19 19:25:00'),
(10, 'KB.GS.010', '2024-01-19', 'Simpanan Pokok', 200000.0000000000, NULL, '2024-01-19 19:25:53'),
(11, 'KB.GS.009', '2024-01-19', 'Simpanan Pokok', 200000.0000000000, NULL, '2024-01-19 19:26:18'),
(12, 'KB.GS.011', '2024-01-19', 'Simpanan Pokok', 200000.0000000000, NULL, '2024-01-19 19:26:47'),
(13, 'KB.GS.012', '2024-01-19', 'Simpanan Pokok', 200000.0000000000, NULL, '2024-01-19 19:26:55'),
(14, 'KB.GS.013', '2024-01-19', 'Simpanan Pokok', 200000.0000000000, NULL, '2024-01-19 19:26:59'),
(15, 'KB.GS.014', '2024-01-19', 'Simpanan Pokok', 200000.0000000000, NULL, '2024-01-19 19:27:03'),
(16, 'KB.GS.015', '2024-01-19', 'Simpanan Pokok', 200000.0000000000, NULL, '2024-01-19 19:27:08'),
(17, 'KB.GS.016', '2024-01-19', 'Simpanan Pokok', 200000.0000000000, NULL, '2024-01-19 19:27:13'),
(18, 'KB.GS.018', '2024-01-19', 'Simpanan Pokok', 200000.0000000000, NULL, '2024-01-19 19:27:17'),
(19, 'KB.GS.020', '2024-01-19', 'Simpanan Pokok', 200000.0000000000, NULL, '2024-01-19 19:27:20'),
(20, 'KB.GS.022', '2024-01-19', 'Simpanan Pokok', 200000.0000000000, NULL, '2024-01-19 19:27:23'),
(21, 'KB.GS.023', '2024-01-19', 'Simpanan Pokok', 200000.0000000000, NULL, '2024-01-19 19:27:27'),
(22, 'KB.GS.024', '2024-01-19', 'Simpanan Pokok', 200000.0000000000, NULL, '2024-01-19 19:27:32'),
(23, 'KB.GS.025', '2024-01-19', 'Simpanan Pokok', 200000.0000000000, NULL, '2024-01-19 19:27:37'),
(24, 'KB.GS.027', '2024-01-19', 'Simpanan Pokok', 200000.0000000000, NULL, '2024-01-19 19:27:41'),
(25, 'KB.GS.029', '2024-01-19', 'Simpanan Pokok', 200000.0000000000, NULL, '2024-01-19 19:28:04'),
(26, 'KB.GS.031', '2024-01-19', 'Simpanan Pokok', 200000.0000000000, NULL, '2024-01-19 19:28:08'),
(27, 'KB.GS.032', '2024-01-19', 'Simpanan Pokok', 200000.0000000000, NULL, '2024-01-19 19:28:11'),
(28, 'KB.GS.034', '2024-01-19', 'Simpanan Pokok', 200000.0000000000, NULL, '2024-01-19 19:28:14'),
(29, 'KB.GS.036', '2024-01-19', 'Simpanan Pokok', 200000.0000000000, NULL, '2024-01-19 19:28:18'),
(30, 'KB.GS.037', '2024-01-19', 'Simpanan Pokok', 200000.0000000000, NULL, '2024-01-19 19:28:21'),
(31, 'KB.GS.038', '2024-01-19', 'Simpanan Pokok', 200000.0000000000, NULL, '2024-01-19 19:28:25'),
(32, 'KB.GS.039', '2024-01-20', 'Simpanan Pokok', 200000.0000000000, NULL, '2024-01-20 09:23:34'),
(33, 'KB.GS.040', '2024-01-20', 'Simpanan Pokok', 200000.0000000000, NULL, '2024-01-20 09:23:38'),
(34, 'KB.GS.041', '2024-01-20', 'Simpanan Pokok', 200000.0000000000, NULL, '2024-01-20 09:23:42'),
(35, 'KB.GS.042', '2024-01-20', 'Simpanan Pokok', 200000.0000000000, NULL, '2024-01-20 09:23:48'),
(36, 'KB.GS.043', '2024-01-20', 'Simpanan Pokok', 200000.0000000000, NULL, '2024-01-20 09:23:52'),
(37, 'KB.GS.044', '2024-01-20', 'Simpanan Pokok', 200000.0000000000, NULL, '2024-01-20 09:23:56'),
(38, 'KB.GS.045', '2024-01-20', 'Simpanan Pokok', 200000.0000000000, NULL, '2024-01-20 09:24:00'),
(39, 'KB.GS.046', '2024-01-20', 'Simpanan Pokok', 200000.0000000000, NULL, '2024-01-20 09:24:03'),
(40, 'KB.GS.047', '2024-01-20', 'Simpanan Pokok', 200000.0000000000, NULL, '2024-01-20 09:24:10'),
(41, 'KB.GS.050', '2024-01-20', 'Simpanan Pokok', 200000.0000000000, NULL, '2024-01-20 09:25:19'),
(42, 'KB.GS.052', '2024-01-20', 'Simpanan Pokok', 200000.0000000000, NULL, '2024-01-20 09:25:23'),
(43, 'KB.GS.054', '2024-01-20', 'Simpanan Pokok', 200000.0000000000, NULL, '2024-01-20 09:25:27'),
(44, 'KB.GS.055', '2024-01-20', 'Simpanan Pokok', 200000.0000000000, NULL, '2024-01-20 09:25:33'),
(45, 'KB.GS.056', '2024-01-20', 'Simpanan Pokok', 200000.0000000000, NULL, '2024-01-20 09:25:37'),
(46, 'KB.GS.059', '2024-01-20', 'Simpanan Pokok', 200000.0000000000, NULL, '2024-01-20 09:25:42'),
(47, 'KB.GS.060', '2024-01-20', 'Simpanan Pokok', 200000.0000000000, NULL, '2024-01-20 09:25:47'),
(48, 'KB.GS.062', '2024-01-20', 'Simpanan Pokok', 200000.0000000000, NULL, '2024-01-20 09:25:50'),
(49, 'KB.GS.063', '2024-01-20', 'Simpanan Pokok', 200000.0000000000, NULL, '2024-01-20 09:25:54'),
(50, 'KB.GS.064', '2024-01-20', 'Simpanan Pokok', 200000.0000000000, NULL, '2024-01-20 09:26:00'),
(51, 'KB.GS.065', '2024-01-20', 'Simpanan Pokok', 200000.0000000000, NULL, '2024-01-20 09:26:03'),
(52, 'KB.GS.066', '2024-01-20', 'Simpanan Pokok', 200000.0000000000, NULL, '2024-01-20 09:26:08'),
(53, 'KB.GS.067', '2024-01-20', 'Simpanan Pokok', 200000.0000000000, NULL, '2024-01-20 09:26:14'),
(54, 'KB.GS.068', '2024-01-20', 'Simpanan Pokok', 200000.0000000000, NULL, '2024-01-20 09:26:19'),
(55, 'KB.GS.069', '2024-01-20', 'Simpanan Pokok', 200000.0000000000, NULL, '2024-01-20 09:26:25'),
(56, 'KB.GS.071', '2024-01-20', 'Simpanan Pokok', 200000.0000000000, NULL, '2024-01-20 09:26:29'),
(57, 'KB.GS.072', '2024-01-20', 'Simpanan Pokok', 200000.0000000000, NULL, '2024-01-20 09:26:34'),
(58, 'KB.GS.073', '2024-01-20', 'Simpanan Pokok', 200000.0000000000, NULL, '2024-01-20 09:26:37'),
(59, 'KB.GS.074', '2024-01-20', 'Simpanan Pokok', 200000.0000000000, NULL, '2024-01-20 09:26:42'),
(60, 'KB.GS.075', '2024-01-20', 'Simpanan Pokok', 200000.0000000000, NULL, '2024-01-20 09:26:48'),
(61, 'KB.GS.078', '2024-01-20', 'Simpanan Pokok', 200000.0000000000, NULL, '2024-01-20 09:26:52'),
(62, 'KB.GS.079', '2024-01-20', 'Simpanan Pokok', 200000.0000000000, NULL, '2024-01-20 09:26:56'),
(63, 'KB.GS.080', '2024-01-20', 'Simpanan Pokok', 200000.0000000000, NULL, '2024-01-20 09:27:02'),
(64, 'KB.GS.081', '2024-01-20', 'Simpanan Pokok', 200000.0000000000, NULL, '2024-01-20 09:27:06'),
(65, 'KB.GS.082', '2024-01-20', 'Simpanan Pokok', 200000.0000000000, NULL, '2024-01-20 09:27:11'),
(66, 'KB.GS.086', '2024-01-20', '', 0.0000000000, NULL, '2024-01-20 09:27:48'),
(67, 'KB.GS.088', '2024-01-20', 'Simpanan Pokok', 200000.0000000000, NULL, '2024-01-20 09:27:55'),
(68, 'KB.GS.086', '2024-01-20', 'Simpanan Pokok', 200000.0000000000, NULL, '2024-01-20 09:28:00'),
(69, 'KB.GS.089', '2024-01-20', 'Simpanan Pokok', 200000.0000000000, NULL, '2024-01-20 09:28:04'),
(70, 'KB.GS.090', '2024-01-20', 'Simpanan Pokok', 200000.0000000000, NULL, '2024-01-20 09:28:10'),
(71, 'KB.GS.093', '2024-01-20', 'Simpanan Pokok', 200000.0000000000, NULL, '2024-01-20 09:28:17'),
(72, 'KB.GS.094', '2024-01-20', 'Simpanan Pokok', 200000.0000000000, NULL, '2024-01-20 09:28:23'),
(73, 'KB.GS.096', '2024-01-20', 'Simpanan Pokok', 200000.0000000000, NULL, '2024-01-20 09:28:29'),
(74, 'KB.GS.097', '2024-01-20', 'Simpanan Pokok', 200000.0000000000, NULL, '2024-01-20 09:28:33'),
(75, 'KB.GS.098', '2024-01-20', 'Simpanan Pokok', 200000.0000000000, NULL, '2024-01-20 09:28:37'),
(76, 'KB.GS.099', '2024-01-20', 'Simpanan Pokok', 200000.0000000000, NULL, '2024-01-20 09:28:41'),
(77, 'KB.GS.001', '2023-12-30', 'Simpanan Pokok', 200000.0000000000, NULL, '2024-01-20 16:39:05'),
(78, 'KB.GS.084', '2024-02-05', 'Simpanan Pokok', 200000.0000000000, NULL, '2024-02-05 08:45:25'),
(79, 'KB.GS.092', '2024-02-05', 'Simpanan Pokok', 200000.0000000000, NULL, '2024-02-05 08:45:50'),
(80, 'KB.GS.095', '2024-02-05', 'Simpanan Pokok', 200000.0000000000, NULL, '2024-02-05 08:46:14'),
(81, 'KB.GS.087', '2024-02-05', 'Simpanan Pokok', 200000.0000000000, NULL, '2024-02-05 08:46:40'),
(82, 'KB.GS.091', '2024-02-05', 'Simpanan Pokok', 200000.0000000000, NULL, '2024-02-05 08:46:45'),
(83, 'KB.GS.057', '2024-02-05', 'Simpanan Pokok', 200000.0000000000, NULL, '2024-02-05 08:50:53'),
(84, 'KB.GS.087', '2024-02-05', 'Simpanan Sukarela', 78388.0000000000, NULL, '2024-02-05 09:11:02'),
(85, 'KB.GS.084', '2024-02-05', 'Simpanan Sukarela', 16716.0000000000, NULL, '2024-02-05 09:12:13'),
(86, 'KB.GS.091', '2024-02-05', 'Simpanan Sukarela', 120741.0000000000, NULL, '2024-02-05 09:13:48'),
(87, 'KB.GS.094', '2024-02-05', 'Simpanan Sukarela', 101917.0000000000, NULL, '2024-02-05 09:14:25'),
(88, 'KB.GS.095', '2024-02-05', 'Simpanan Sukarela', 38388.0000000000, NULL, '2024-02-05 09:15:05'),
(89, 'KB.GS.096', '2024-02-05', 'Simpanan Sukarela', 54270.0000000000, NULL, '2024-02-05 09:15:30'),
(90, 'KB.GS.099', '2024-02-05', 'Simpanan Sukarela', 58388.0000000000, NULL, '2024-02-05 09:15:56'),
(91, 'KB.GS.001', '2023-12-29', 'Simpanan Sukarela', 106620.0000000000, NULL, '2024-02-05 09:21:28'),
(92, 'KB.GS.002', '2023-12-29', 'Simpanan Sukarela', 115504.0000000000, NULL, '2024-02-05 09:27:26'),
(93, 'KB.GS.003', '2023-12-05', 'Simpanan Pokok', 200000.0000000000, NULL, '2024-02-05 09:28:07'),
(94, 'KB.GS.003', '2023-12-05', 'Simpanan Sukarela', 32694.0000000000, NULL, '2024-02-05 09:28:22'),
(95, 'KB.GS.004', '2023-12-05', 'Simpanan Pokok', 200000.0000000000, NULL, '2024-02-05 09:28:50'),
(96, 'KB.GS.004', '2023-12-05', 'Simpanan Sukarela', 32694.0000000000, NULL, '2024-02-05 09:29:03'),
(97, 'KB.GS.005', '2023-12-05', 'Simpanan Sukarela', 129394.0000000000, NULL, '2024-02-05 09:32:14'),
(98, 'KB.GS.007', '2023-12-05', 'Simpanan Sukarela', 101348.0000000000, NULL, '2024-02-05 09:33:32'),
(99, 'KB.GS.008', '2023-12-05', 'Simpanan Sukarela', 69925.0000000000, NULL, '2024-02-05 09:50:57'),
(100, 'KB.GS.009', '2023-12-05', 'Simpanan Sukarela', 43282.0000000000, NULL, '2024-02-05 09:51:11'),
(101, 'KB.GS.010', '2023-12-05', 'Simpanan Sukarela', 229785.0000000000, NULL, '2024-02-05 09:53:10'),
(102, 'KB.GS.009', '2023-12-05', 'Simpanan Pokok', 200000.0000000000, NULL, '2024-02-05 09:53:52'),
(103, 'KB.GS.011', '2023-12-05', 'Simpanan Pokok', 200000.0000000000, NULL, '2024-02-05 09:55:17'),
(104, 'KB.GS.011', '2023-12-05', 'Simpanan Sukarela', 429063.0000000000, NULL, '2024-02-05 09:57:20'),
(105, 'KB.GS.012', '2023-12-05', 'Simpanan Pokok', 200000.0000000000, NULL, '2024-02-05 09:57:42'),
(106, 'KB.GS.012', '2023-12-05', 'Simpanan Sukarela', 228164.0000000000, NULL, '2024-02-05 09:58:09'),
(107, 'KB.GS.013', '2023-12-05', 'Simpanan Pokok', 200000.0000000000, NULL, '2024-02-05 09:59:14'),
(108, 'KB.GS.013', '2023-12-05', 'Simpanan Sukarela', 549414.0000000000, NULL, '2024-02-05 10:00:03'),
(194, 'KB.GS.014', '2023-12-05', 'Simpanan Sukarela', 187147.0000000000, NULL, '2024-02-05 10:17:14'),
(195, 'KB.GS.015', '2023-12-05', 'Simpanan Pokok', 200000.0000000000, NULL, '2024-02-05 10:17:34'),
(196, 'KB.GS.015', '2024-02-05', '', 182618.0000000000, NULL, '2024-02-05 11:08:20'),
(197, 'KB.GS.016', '2023-12-05', 'Simpanan Sukarela', 561813.0000000000, NULL, '2024-02-05 11:14:24'),
(198, 'KB.GS.017', '2024-02-05', 'Simpanan Sukarela', 60000.0000000000, NULL, '2024-02-05 11:15:53'),
(199, 'KB.GS.018', '2024-02-05', 'Simpanan Sukarela', 169394.0000000000, NULL, '2024-02-05 11:17:41'),
(200, 'KB.GS.020', '2023-12-05', 'Simpanan Sukarela', 365978.0000000000, NULL, '2024-02-05 11:23:05'),
(201, 'KB.GS.022', '2023-12-05', 'Simpanan Sukarela', 572610.0000000000, NULL, '2024-02-05 11:23:43'),
(202, 'KB.GS.023', '2023-12-05', 'Simpanan Sukarela', 169394.0000000000, NULL, '2024-02-05 11:24:10'),
(203, 'KB.GS.024', '2023-12-05', 'Simpanan Sukarela', 628307.0000000000, NULL, '2024-02-05 11:24:43'),
(204, 'KB.GS.025', '2023-12-05', 'Simpanan Sukarela', 235570.0000000000, NULL, '2024-02-05 11:25:17'),
(205, 'KB.GS.027', '2023-12-05', 'Simpanan Sukarela', 375648.0000000000, NULL, '2024-02-05 11:27:02'),
(206, 'KB.GS.029', '2023-12-05', 'Simpanan Sukarela', 247731.0000000000, NULL, '2024-02-05 11:27:45'),
(207, 'KB.GS.031', '2023-12-05', 'Simpanan Sukarela', 300673.0000000000, NULL, '2024-02-05 11:28:36'),
(208, 'KB.GS.032', '2023-12-05', 'Simpanan Sukarela', 338914.0000000000, NULL, '2024-02-05 11:28:54'),
(209, 'KB.GS.034', '2023-12-05', 'Simpanan Sukarela', 407629.0000000000, NULL, '2024-02-05 11:31:57'),
(210, 'KB.GS.036', '2023-12-05', 'Simpanan Sukarela', 458367.0000000000, NULL, '2024-02-05 11:32:36'),
(211, 'KB.GS.037', '2023-12-05', 'Simpanan Sukarela', 169394.0000000000, NULL, '2024-02-05 11:33:12'),
(212, 'KB.GS.038', '2023-12-05', 'Simpanan Sukarela', 406555.0000000000, NULL, '2024-02-05 11:35:17'),
(213, 'KB.GS.039', '2023-12-05', 'Simpanan Sukarela', 169394.0000000000, NULL, '2024-02-05 11:35:46'),
(214, 'KB.GS.040', '2023-12-05', 'Simpanan Sukarela', 169394.0000000000, NULL, '2024-02-05 11:36:05'),
(215, 'KB.GS.041', '2023-12-05', 'Simpanan Sukarela', 237143.0000000000, NULL, '2024-02-05 11:36:27'),
(216, 'KB.GS.042', '2023-12-05', 'Simpanan Sukarela', 194790.0000000000, NULL, '2024-02-05 11:36:49'),
(217, 'KB.GS.043', '2023-12-05', 'Simpanan Sukarela', 391747.0000000000, NULL, '2024-02-05 11:37:08'),
(218, 'KB.GS.044', '2023-12-05', 'Simpanan Sukarela', 264688.0000000000, NULL, '2024-02-05 11:38:21'),
(219, 'KB.GS.045', '2023-12-05', 'Simpanan Sukarela', 264688.0000000000, NULL, '2024-02-05 11:38:50'),
(220, 'KB.GS.046', '2023-12-05', 'Simpanan Sukarela', 169394.0000000000, NULL, '2024-02-05 12:06:46'),
(221, 'KB.GS.047', '2023-12-05', 'Simpanan Sukarela', 226555.0000000000, NULL, '2024-02-05 12:07:06'),
(222, 'KB.GS.050', '2023-12-05', 'Simpanan Sukarela', 354004.0000000000, NULL, '2024-02-05 12:07:32'),
(223, 'KB.GS.052', '2023-12-05', 'Simpanan Sukarela', 211747.0000000000, NULL, '2024-02-05 12:09:41'),
(224, 'KB.GS.054', '2023-12-05', 'Simpanan Sukarela', 169394.0000000000, NULL, '2024-02-05 12:10:08'),
(225, 'KB.GS.055', '2023-12-05', 'Simpanan Sukarela', 627820.0000000000, NULL, '2024-02-05 14:08:45'),
(226, 'KB.GS.056', '2023-12-05', 'Simpanan Sukarela', 426124.0000000000, NULL, '2024-02-05 14:18:35'),
(227, 'KB.GS.057', '2023-12-05', 'Simpanan Sukarela', 391747.0000000000, NULL, '2024-02-05 14:19:28'),
(228, 'KB.GS.059', '2023-12-05', 'Simpanan Sukarela', 221261.0000000000, NULL, '2024-02-05 14:19:54'),
(229, 'KB.GS.060', '2023-12-05', 'Simpanan Sukarela', 240270.0000000000, NULL, '2024-02-05 14:22:00'),
(230, 'KB.GS.062', '2023-12-05', 'Simpanan Sukarela', 169394.0000000000, NULL, '2024-02-05 14:22:49'),
(231, 'KB.GS.063', '2023-12-05', 'Simpanan Sukarela', 185276.0000000000, NULL, '2024-02-05 14:23:24'),
(232, 'KB.GS.064', '2023-12-05', 'Simpanan Sukarela', 464945.0000000000, NULL, '2024-02-05 14:23:43'),
(233, 'KB.GS.065', '2023-12-05', 'Simpanan Sukarela', 254100.0000000000, NULL, '2024-02-05 14:43:11'),
(234, 'KB.GS.066', '2023-12-05', 'Simpanan Sukarela', 316555.0000000000, NULL, '2024-02-05 14:43:26'),
(235, 'KB.GS.067', '2023-12-05', 'Simpanan Sukarela', 193218.0000000000, NULL, '2024-02-05 14:43:38'),
(236, 'KB.GS.068', '2023-12-05', 'Simpanan Sukarela', 300673.0000000000, NULL, '2024-02-05 14:43:51'),
(237, 'KB.GS.069', '2023-12-05', 'Simpanan Sukarela', 808006.0000000000, NULL, '2024-02-05 14:44:10'),
(238, 'KB.GS.071', '2023-12-05', 'Simpanan Sukarela', 351853.0000000000, NULL, '2024-02-05 14:44:33'),
(239, 'KB.GS.072', '2023-12-05', 'Simpanan Sukarela', 495222.0000000000, NULL, '2024-02-05 14:45:06'),
(240, 'KB.GS.073', '2023-12-05', 'Simpanan Sukarela', 501849.0000000000, NULL, '2024-02-05 14:45:24'),
(241, 'KB.GS.074', '2023-12-05', 'Simpanan Sukarela', 436521.0000000000, NULL, '2024-02-05 14:45:39'),
(242, 'KB.GS.075', '2023-12-05', 'Simpanan Sukarela', 430988.0000000000, NULL, '2024-02-05 14:45:53'),
(243, 'KB.GS.078', '2023-12-05', 'Simpanan Sukarela', 164433.0000000000, NULL, '2024-02-05 15:09:39'),
(244, 'KB.GS.079', '2023-12-05', 'Simpanan Sukarela', 164433.0000000000, NULL, '2024-02-05 15:09:54'),
(245, 'KB.GS.080', '2023-12-05', 'Simpanan Sukarela', 164433.0000000000, NULL, '2024-02-05 15:10:12'),
(246, 'KB.GS.081', '2023-12-05', 'Simpanan Sukarela', 491375.0000000000, NULL, '2024-02-05 15:10:26'),
(248, 'KB.GS.082', '2024-02-05', 'Simpanan Pokok', 200000.0000000000, NULL, '2024-02-05 15:12:16'),
(250, 'KB.GS.097', '2024-02-05', 'Simpanan Sukarela', 299780.0000000000, NULL, '2024-02-06 08:34:43'),
(251, 'KB.GS.098', '2024-02-05', 'Simpanan Sukarela', 140956.0000000000, NULL, '2024-02-06 08:35:33'),
(257, 'KB.GS.001', '2024-02-07', 'Simpanan Wajib', 300000.0000000000, NULL, '2024-02-07 09:04:05'),
(258, 'KB.GS.002', '2024-02-07', 'Simpanan Wajib', 300000.0000000000, NULL, '2024-02-07 09:04:58'),
(259, 'KB.GS.008', '2024-02-07', 'Simpanan Wajib', 300000.0000000000, NULL, '2024-02-07 09:06:26'),
(260, 'KB.GS.010', '2023-12-07', 'Simpanan Wajib', 300000.0000000000, NULL, '2024-02-07 09:08:06'),
(261, 'KB.GS.074', '2023-12-07', 'Simpanan Wajib', 300000.0000000000, NULL, '2024-02-07 09:09:35'),
(262, 'KB.GS.075', '2023-12-07', 'Simpanan Wajib', 300000.0000000000, NULL, '2024-02-07 09:10:10'),
(263, 'KB.GS.078', '2023-12-07', 'Simpanan Wajib', 300000.0000000000, NULL, '2024-02-07 09:10:55'),
(264, 'KB.GS.079', '2023-12-07', 'Simpanan Wajib', 300000.0000000000, NULL, '2024-02-07 09:11:40'),
(265, 'KB.GS.080', '2023-12-07', 'Simpanan Wajib', 300000.0000000000, NULL, '2024-02-07 09:12:00'),
(266, 'KB.GS.081', '2023-12-07', 'Simpanan Wajib', 300000.0000000000, NULL, '2024-02-07 09:12:51'),
(267, 'KB.GS.082', '2023-12-07', 'Simpanan Sukarela', 136757.0000000000, NULL, '2024-02-07 09:13:32'),
(268, 'KB.GS.086', '2023-12-07', 'Simpanan Sukarela', 95104.0000000000, NULL, '2024-02-07 09:15:31'),
(269, 'KB.GS.053', '2023-12-07', 'Simpanan Pokok', 200000.0000000000, NULL, '2024-02-07 09:19:01'),
(270, 'KB.GS.005', '2023-12-07', 'Simpanan Wajib', 500000.0000000000, NULL, '2024-02-07 09:20:23'),
(271, 'KB.GS.007', '2023-12-07', 'Simpanan Wajib', 500000.0000000000, NULL, '2024-02-07 09:20:46'),
(272, 'KB.GS.016', '2023-12-07', 'Simpanan Wajib', 500000.0000000000, NULL, '2024-02-07 09:21:15'),
(273, 'KB.GS.017', '2023-12-07', 'Simpanan Wajib', 500000.0000000000, NULL, '2024-02-07 09:21:50'),
(274, 'KB.GS.018', '2023-12-07', 'Simpanan Wajib', 500000.0000000000, NULL, '2024-02-07 09:22:26'),
(275, 'KB.GS.020', '2023-12-07', 'Simpanan Wajib', 500000.0000000000, NULL, '2024-02-07 09:22:55'),
(276, 'KB.GS.022', '2023-12-07', 'Simpanan Wajib', 500000.0000000000, NULL, '2024-02-07 09:23:23'),
(277, 'KB.GS.023', '2023-12-07', 'Simpanan Wajib', 500000.0000000000, NULL, '2024-02-07 09:23:44'),
(278, 'KB.GS.024', '2023-12-07', 'Simpanan Wajib', 500000.0000000000, NULL, '2024-02-07 09:24:21'),
(279, 'KB.GS.025', '2023-12-07', 'Simpanan Wajib', 500000.0000000000, NULL, '2024-02-07 09:24:41'),
(280, 'KB.GS.027', '2023-12-07', 'Simpanan Wajib', 500000.0000000000, NULL, '2024-02-07 09:25:15'),
(281, 'KB.GS.029', '2023-12-07', 'Simpanan Wajib', 500000.0000000000, NULL, '2024-02-07 09:25:41'),
(282, 'KB.GS.031', '2023-12-07', 'Simpanan Wajib', 500000.0000000000, NULL, '2024-02-07 09:26:02'),
(283, 'KB.GS.032', '2023-12-07', 'Simpanan Wajib', 500000.0000000000, NULL, '2024-02-07 09:26:48'),
(284, 'KB.GS.034', '2023-12-07', 'Simpanan Wajib', 500000.0000000000, NULL, '2024-02-07 09:27:48'),
(285, 'KB.GS.036', '2023-12-07', 'Simpanan Wajib', 500000.0000000000, NULL, '2024-02-07 09:28:15'),
(286, 'KB.GS.037', '2023-12-07', 'Simpanan Wajib', 500000.0000000000, NULL, '2024-02-07 09:28:40'),
(287, 'KB.GS.038', '2023-12-07', 'Simpanan Wajib', 500000.0000000000, NULL, '2024-02-07 09:29:09'),
(288, 'KB.GS.039', '2023-12-07', 'Simpanan Wajib', 500000.0000000000, NULL, '2024-02-07 09:31:46'),
(289, 'KB.GS.040', '2023-12-07', 'Simpanan Wajib', 500000.0000000000, NULL, '2024-02-07 09:32:49'),
(290, 'KB.GS.041', '2023-12-07', 'Simpanan Wajib', 500000.0000000000, NULL, '2024-02-07 09:33:15'),
(291, 'KB.GS.042', '2023-12-07', 'Simpanan Wajib', 500000.0000000000, NULL, '2024-02-07 09:33:35'),
(292, 'KB.GS.043', '2023-12-07', 'Simpanan Wajib', 500000.0000000000, NULL, '2024-02-07 09:34:11'),
(293, 'KB.GS.044', '2023-12-07', 'Simpanan Wajib', 500000.0000000000, NULL, '2024-02-07 09:34:27'),
(294, 'KB.GS.045', '2023-12-07', 'Simpanan Wajib', 500000.0000000000, NULL, '2024-02-07 09:34:43'),
(295, 'KB.GS.046', '2023-12-07', 'Simpanan Wajib', 500000.0000000000, NULL, '2024-02-07 09:35:07'),
(296, 'KB.GS.047', '2023-12-07', 'Simpanan Wajib', 500000.0000000000, NULL, '2024-02-07 09:36:02'),
(297, 'KB.GS.050', '2023-12-07', 'Simpanan Wajib', 500000.0000000000, NULL, '2024-02-07 09:36:32'),
(298, 'KB.GS.052', '2023-12-07', 'Simpanan Wajib', 500000.0000000000, NULL, '2024-02-07 09:36:55'),
(299, 'KB.GS.053', '2023-12-07', 'Simpanan Wajib', 500000.0000000000, NULL, '2024-02-07 09:37:15'),
(300, 'KB.GS.053', '2023-12-07', 'Simpanan Sukarela', 244460.0000000000, NULL, '2024-02-07 09:37:43'),
(301, 'KB.GS.054', '2023-12-07', 'Simpanan Wajib', 500000.0000000000, NULL, '2024-02-07 09:38:39'),
(302, 'KB.GS.055', '2023-12-07', 'Simpanan Wajib', 500000.0000000000, NULL, '2024-02-07 09:39:01'),
(303, 'KB.GS.056', '2023-12-07', 'Simpanan Wajib', 500000.0000000000, NULL, '2024-02-07 09:39:33'),
(304, 'KB.GS.059', '2023-12-07', 'Simpanan Wajib', 500000.0000000000, NULL, '2024-02-07 09:39:50'),
(305, 'KB.GS.060', '2023-12-07', 'Simpanan Wajib', 500000.0000000000, NULL, '2024-02-07 09:40:11'),
(306, 'KB.GS.062', '2023-12-07', 'Simpanan Wajib', 500000.0000000000, NULL, '2024-02-07 09:40:36'),
(307, 'KB.GS.063', '2023-12-07', 'Simpanan Wajib', 500000.0000000000, NULL, '2024-02-07 09:41:06'),
(308, 'KB.GS.064', '2023-12-07', 'Simpanan Wajib', 500000.0000000000, NULL, '2024-02-07 09:41:32'),
(309, 'KB.GS.065', '2023-12-07', 'Simpanan Wajib', 500000.0000000000, NULL, '2024-02-07 09:41:52'),
(310, 'KB.GS.066', '2023-12-07', 'Simpanan Wajib', 500000.0000000000, NULL, '2024-02-07 09:42:20'),
(311, 'KB.GS.067', '2023-12-07', 'Simpanan Wajib', 500000.0000000000, NULL, '2024-02-07 09:42:43'),
(312, 'KB.GS.068', '2023-12-07', 'Simpanan Wajib', 500000.0000000000, NULL, '2024-02-07 09:43:12'),
(313, 'KB.GS.069', '2023-12-07', 'Simpanan Wajib', 500000.0000000000, NULL, '2024-02-07 09:43:33'),
(314, 'KB.GS.072', '2023-12-07', 'Simpanan Wajib', 500000.0000000000, NULL, '2024-02-07 09:44:30'),
(315, 'KB.GS.073', '2023-12-07', 'Simpanan Wajib', 500000.0000000000, NULL, '2024-02-07 09:44:53'),
(316, 'KB.GS.057', '2023-12-07', 'Simpanan Wajib', 500000.0000000000, NULL, '2024-02-07 09:49:28'),
(317, 'KB.GS.086', '2023-12-07', 'Simpanan Wajib', 200000.0000000000, NULL, '2024-02-07 09:50:29'),
(318, 'KB.GS.088', '2023-12-07', 'Simpanan Wajib', 200000.0000000000, NULL, '2024-02-07 09:51:18'),
(319, 'KB.GS.088', '2023-12-07', 'Simpanan Sukarela', 137457.0000000000, NULL, '2024-02-07 09:51:35'),
(320, 'KB.GS.089', '2023-12-07', 'Simpanan Wajib', 200000.0000000000, NULL, '2024-02-07 09:52:00'),
(321, 'KB.GS.089', '2023-12-07', 'Simpanan Sukarela', 95104.0000000000, NULL, '2024-02-07 09:52:15'),
(322, 'KB.GS.090', '2023-12-07', 'Simpanan Wajib', 200000.0000000000, NULL, '2024-02-07 09:52:38'),
(323, 'KB.GS.090', '2023-12-07', 'Simpanan Sukarela', 95104.0000000000, NULL, '2024-02-07 09:52:51'),
(324, 'KB.GS.092', '2023-12-07', 'Simpanan Wajib', 200000.0000000000, NULL, '2024-02-07 09:53:12'),
(325, 'KB.GS.092', '2023-12-07', 'Simpanan Sukarela', 95104.0000000000, NULL, '2024-02-07 09:53:22'),
(326, 'KB.GS.093', '2023-12-07', 'Simpanan Wajib', 200000.0000000000, NULL, '2024-02-07 09:53:45'),
(327, 'KB.GS.093', '2023-12-07', 'Simpanan Sukarela', 76775.0000000000, NULL, '2024-02-07 09:53:56'),
(328, 'KB.GS.071', '2023-12-07', 'Simpanan Wajib', 100000.0000000000, NULL, '2024-02-07 09:55:43'),
(329, 'KB.GS.048', '2024-02-07', 'Simpanan Sukarela', 317647.0000000000, NULL, '2024-02-07 11:25:29'),
(330, 'KB.GS.061', '2024-02-07', 'Simpanan Pokok', 200000.0000000000, NULL, '2024-02-07 11:48:16'),
(331, 'KB.GS.061', '2024-02-07', 'Simpanan Wajib', 500000.0000000000, NULL, '2024-02-07 11:50:30'),
(332, 'KB.GS.061', '2024-02-07', 'Simpanan Sukarela', 169394.0000000000, NULL, '2024-02-07 11:51:08'),
(333, 'KB.GS.016', '2024-03-14', 'Simpanan Wajib', 20000.0000000000, NULL, '2024-03-14 09:40:14'),
(334, 'KB.GS.016', '2024-03-14', 'Simpanan Sukarela', 20000.0000000000, NULL, '2024-03-14 09:40:27'),
(335, 'KB.GS.017', '2024-03-14', 'Simpanan Wajib', 20000.0000000000, NULL, '2024-03-14 09:40:35'),
(336, 'KB.GS.017', '2024-03-14', 'Simpanan Sukarela', 20000.0000000000, NULL, '2024-03-14 09:40:49'),
(337, 'KB.GS.018', '2024-03-14', 'Simpanan Wajib', 20000.0000000000, NULL, '2024-03-14 09:41:01'),
(338, 'KB.GS.018', '2024-03-14', 'Simpanan Sukarela', 20000.0000000000, NULL, '2024-03-14 09:41:09'),
(339, 'KB.GS.020', '2024-03-14', 'Simpanan Wajib', 20000.0000000000, NULL, '2024-03-14 09:41:18'),
(340, 'KB.GS.022', '2024-03-14', 'Simpanan Wajib', 20000.0000000000, NULL, '2024-03-14 09:41:25'),
(341, 'KB.GS.023', '2024-03-14', 'Simpanan Wajib', 20000.0000000000, NULL, '2024-03-14 09:41:29'),
(342, 'KB.GS.020', '2024-03-14', 'Simpanan Sukarela', 20000.0000000000, NULL, '2024-03-14 09:41:37'),
(343, 'KB.GS.022', '2024-03-14', 'Simpanan Sukarela', 20000.0000000000, NULL, '2024-03-14 09:41:42'),
(344, 'KB.GS.023', '2024-03-14', 'Simpanan Sukarela', 20000.0000000000, NULL, '2024-03-14 09:41:52'),
(345, 'KB.GS.024', '2024-03-14', 'Simpanan Wajib', 20000.0000000000, NULL, '2024-03-14 09:42:55'),
(346, 'KB.GS.025', '2024-03-14', 'Simpanan Wajib', 20000.0000000000, NULL, '2024-03-14 09:42:59'),
(347, 'KB.GS.027', '2024-03-14', 'Simpanan Wajib', 20000.0000000000, NULL, '2024-03-14 09:43:03'),
(348, 'KB.GS.029', '2024-03-14', 'Simpanan Wajib', 20000.0000000000, NULL, '2024-03-14 09:43:08'),
(349, 'KB.GS.031', '2024-03-14', 'Simpanan Wajib', 20000.0000000000, NULL, '2024-03-14 09:43:12'),
(350, 'KB.GS.032', '2024-03-14', 'Simpanan Wajib', 20000.0000000000, NULL, '2024-03-14 09:43:16'),
(351, 'KB.GS.034', '2024-03-14', 'Simpanan Wajib', 20000.0000000000, NULL, '2024-03-14 09:43:21'),
(352, 'KB.GS.036', '2024-03-14', 'Simpanan Wajib', 20000.0000000000, NULL, '2024-03-14 09:43:25'),
(353, 'KB.GS.037', '2024-03-14', 'Simpanan Wajib', 20000.0000000000, NULL, '2024-03-14 09:43:40'),
(354, 'KB.GS.038', '2024-03-14', 'Simpanan Wajib', 20000.0000000000, NULL, '2024-03-14 09:43:47'),
(355, 'KB.GS.024', '2024-03-14', 'Simpanan Sukarela', 20000.0000000000, NULL, '2024-03-14 09:43:54'),
(356, 'KB.GS.025', '2024-03-14', 'Simpanan Sukarela', 20000.0000000000, NULL, '2024-03-14 09:44:00'),
(357, 'KB.GS.029', '2024-03-14', 'Simpanan Sukarela', 20000.0000000000, NULL, '2024-03-14 09:44:24'),
(358, 'KB.GS.031', '2024-03-14', 'Simpanan Sukarela', 20000.0000000000, NULL, '2024-03-14 09:44:31'),
(359, 'KB.GS.032', '2024-03-14', 'Simpanan Sukarela', 20000.0000000000, NULL, '2024-03-14 09:44:37'),
(360, 'KB.GS.034', '2024-03-14', 'Simpanan Sukarela', 20000.0000000000, NULL, '2024-03-14 09:44:49'),
(361, 'KB.GS.036', '2024-03-14', 'Simpanan Sukarela', 20000.0000000000, NULL, '2024-03-14 09:44:56'),
(362, 'KB.GS.037', '2024-03-14', 'Simpanan Sukarela', 20000.0000000000, NULL, '2024-03-14 09:45:02'),
(363, 'KB.GS.038', '2024-03-14', 'Simpanan Sukarela', 20000.0000000000, NULL, '2024-03-14 09:45:10'),
(364, 'KB.GS.039', '2024-03-14', 'Simpanan Wajib', 20000.0000000000, NULL, '2024-03-14 09:45:18'),
(365, 'KB.GS.040', '2024-03-14', 'Simpanan Wajib', 20000.0000000000, NULL, '2024-03-14 09:45:22'),
(366, 'KB.GS.041', '2024-03-14', 'Simpanan Wajib', 20000.0000000000, NULL, '2024-03-14 09:45:27'),
(367, 'KB.GS.042', '2024-03-14', 'Simpanan Wajib', 20000.0000000000, NULL, '2024-03-14 09:45:31'),
(368, 'KB.GS.043', '2024-03-14', 'Simpanan Wajib', 20000.0000000000, NULL, '2024-03-14 09:45:34'),
(369, 'KB.GS.044', '2024-03-14', 'Simpanan Wajib', 20000.0000000000, NULL, '2024-03-14 09:45:38'),
(370, 'KB.GS.045', '2024-03-14', 'Simpanan Wajib', 20000.0000000000, NULL, '2024-03-14 09:45:42'),
(371, 'KB.GS.046', '2024-03-14', 'Simpanan Wajib', 20000.0000000000, NULL, '2024-03-14 09:45:49'),
(372, 'KB.GS.047', '2024-03-14', 'Simpanan Wajib', 20000.0000000000, NULL, '2024-03-14 09:45:56'),
(373, 'KB.GS.039', '2024-03-14', 'Simpanan Sukarela', 20000.0000000000, NULL, '2024-03-14 09:49:15'),
(374, 'KB.GS.040', '2024-03-14', 'Simpanan Sukarela', 20000.0000000000, NULL, '2024-03-14 09:49:21'),
(375, 'KB.GS.041', '2024-03-14', 'Simpanan Sukarela', 20000.0000000000, NULL, '2024-03-14 09:49:27'),
(376, 'KB.GS.042', '2024-03-14', 'Simpanan Sukarela', 20000.0000000000, NULL, '2024-03-14 09:49:39'),
(377, 'KB.GS.043', '2024-03-14', 'Simpanan Sukarela', 20000.0000000000, NULL, '2024-03-14 09:49:45'),
(378, 'KB.GS.044', '2024-03-14', 'Simpanan Sukarela', 20000.0000000000, NULL, '2024-03-14 09:49:52'),
(379, 'KB.GS.045', '2024-03-14', 'Simpanan Sukarela', 20000.0000000000, NULL, '2024-03-14 09:49:58'),
(380, 'KB.GS.046', '2024-03-14', 'Simpanan Sukarela', 20000.0000000000, NULL, '2024-03-14 09:50:05'),
(381, 'KB.GS.047', '2024-03-14', 'Simpanan Sukarela', 20000.0000000000, NULL, '2024-03-14 09:50:11'),
(382, 'KB.GS.050', '2024-03-14', 'Simpanan Wajib', 20000.0000000000, NULL, '2024-03-14 09:50:30'),
(383, 'KB.GS.052', '2024-03-14', 'Simpanan Wajib', 20000.0000000000, NULL, '2024-03-14 09:50:34'),
(384, 'KB.GS.054', '2024-03-14', 'Simpanan Wajib', 20000.0000000000, NULL, '2024-03-14 09:50:41'),
(385, 'KB.GS.055', '2024-03-14', 'Simpanan Wajib', 20000.0000000000, NULL, '2024-03-14 09:50:45'),
(386, 'KB.GS.056', '2024-03-14', 'Simpanan Wajib', 20000.0000000000, NULL, '2024-03-14 09:50:50'),
(387, 'KB.GS.056', '2024-03-14', 'Simpanan Sukarela', 20000.0000000000, NULL, '2024-03-14 09:51:03'),
(388, 'KB.GS.057', '2024-03-14', 'Simpanan Sukarela', 20000.0000000000, NULL, '2024-03-14 09:51:09'),
(389, 'KB.GS.059', '2024-03-14', 'Simpanan Sukarela', 20000.0000000000, NULL, '2024-03-14 09:51:16'),
(390, 'KB.GS.060', '2024-03-14', 'Simpanan Sukarela', 20000.0000000000, NULL, '2024-03-14 09:51:29'),
(391, 'KB.GS.061', '2024-03-14', 'Simpanan Wajib', 20000.0000000000, NULL, '2024-03-14 09:52:43'),
(392, 'KB.GS.050', '2024-03-14', 'Simpanan Sukarela', 20000.0000000000, NULL, '2024-03-14 09:52:57'),
(393, 'KB.GS.052', '2024-03-14', 'Simpanan Sukarela', 20000.0000000000, NULL, '2024-03-14 09:53:06'),
(394, 'KB.GS.054', '2024-03-14', 'Simpanan Sukarela', 20000.0000000000, NULL, '2024-03-14 09:53:24'),
(395, 'KB.GS.055', '2024-03-14', 'Simpanan Sukarela', 20000.0000000000, NULL, '2024-03-14 09:53:41'),
(396, 'KB.GS.057', '2024-03-14', 'Simpanan Wajib', 20000.0000000000, NULL, '2024-03-14 09:54:02'),
(397, 'KB.GS.059', '2024-03-14', 'Simpanan Wajib', 20000.0000000000, NULL, '2024-03-14 09:54:12'),
(398, 'KB.GS.060', '2024-03-14', 'Simpanan Wajib', 20000.0000000000, NULL, '2024-03-14 09:54:19'),
(399, 'KB.GS.061', '2024-03-14', 'Simpanan Sukarela', 20000.0000000000, NULL, '2024-03-14 09:54:34'),
(400, 'KB.GS.062', '2024-03-14', 'Simpanan Wajib', 20000.0000000000, NULL, '2024-03-14 09:54:48'),
(401, 'KB.GS.063', '2024-03-14', 'Simpanan Wajib', 20000.0000000000, NULL, '2024-03-14 09:54:51'),
(402, 'KB.GS.064', '2024-03-14', 'Simpanan Wajib', 20000.0000000000, NULL, '2024-03-14 09:54:55'),
(403, 'KB.GS.065', '2024-03-14', 'Simpanan Wajib', 20000.0000000000, NULL, '2024-03-14 09:54:58'),
(404, 'KB.GS.066', '2024-03-14', 'Simpanan Wajib', 20000.0000000000, NULL, '2024-03-14 09:55:02'),
(405, 'KB.GS.067', '2024-03-14', 'Simpanan Wajib', 20000.0000000000, NULL, '2024-03-14 09:55:17'),
(406, 'KB.GS.068', '2024-03-14', 'Simpanan Wajib', 20000.0000000000, NULL, '2024-03-14 09:55:21'),
(407, 'KB.GS.069', '2024-03-14', 'Simpanan Wajib', 20000.0000000000, NULL, '2024-03-14 09:55:25'),
(408, 'KB.GS.062', '2024-03-14', 'Simpanan Sukarela', 20000.0000000000, NULL, '2024-03-14 09:55:42'),
(409, 'KB.GS.063', '2024-03-14', 'Simpanan Sukarela', 20000.0000000000, NULL, '2024-03-14 09:55:48'),
(410, 'KB.GS.064', '2024-03-14', 'Simpanan Sukarela', 20000.0000000000, NULL, '2024-03-14 09:55:54'),
(411, 'KB.GS.065', '2024-03-14', 'Simpanan Sukarela', 20000.0000000000, NULL, '2024-03-14 09:56:12'),
(412, 'KB.GS.066', '2024-03-14', 'Simpanan Sukarela', 20000.0000000000, NULL, '2024-03-14 09:56:26'),
(413, 'KB.GS.067', '2024-03-14', 'Simpanan Sukarela', 20000.0000000000, NULL, '2024-03-14 09:56:32'),
(414, 'KB.GS.068', '2024-03-14', 'Simpanan Sukarela', 20000.0000000000, NULL, '2024-03-14 09:56:39'),
(415, 'KB.GS.069', '2024-03-14', 'Ambil Simpanan', 20000.0000000000, NULL, '2024-03-14 09:56:55'),
(416, 'KB.GS.027', '2024-03-14', 'Ambil Simpanan', 20000.0000000000, NULL, '2024-03-14 09:57:24'),
(417, 'KB.GS.078', '2024-03-14', 'Simpanan Wajib', 20000.0000000000, NULL, '2024-03-14 09:57:44'),
(418, 'KB.GS.079', '2024-03-14', 'Simpanan Wajib', 20000.0000000000, NULL, '2024-03-14 09:57:48'),
(419, 'KB.GS.080', '2024-03-14', 'Simpanan Wajib', 20000.0000000000, NULL, '2024-03-14 09:57:53'),
(420, 'KB.GS.086', '2024-03-14', 'Simpanan Wajib', 20000.0000000000, NULL, '2024-03-14 09:57:58'),
(421, 'KB.GS.078', '2024-03-14', 'Simpanan Sukarela', 20000.0000000000, NULL, '2024-03-14 09:58:09'),
(422, 'KB.GS.079', '2024-03-14', 'Simpanan Sukarela', 20000.0000000000, NULL, '2024-03-14 09:58:16'),
(423, 'KB.GS.080', '2024-03-14', 'Simpanan Sukarela', 20000.0000000000, NULL, '2024-03-14 09:58:23'),
(424, 'KB.GS.086', '2024-03-14', 'Simpanan Sukarela', 20000.0000000000, NULL, '2024-03-14 09:58:32'),
(425, 'KB.GS.087', '2024-03-14', 'Simpanan Wajib', 20000.0000000000, NULL, '2024-03-14 09:58:43'),
(426, 'KB.GS.088', '2024-03-14', 'Simpanan Wajib', 20000.0000000000, NULL, '2024-03-14 09:58:47'),
(427, 'KB.GS.089', '2024-03-14', 'Simpanan Wajib', 20000.0000000000, NULL, '2024-03-14 09:58:51'),
(428, 'KB.GS.090', '2024-03-14', 'Simpanan Wajib', 20000.0000000000, NULL, '2024-03-14 09:58:56'),
(429, 'KB.GS.091', '2024-03-14', 'Simpanan Wajib', 20000.0000000000, NULL, '2024-03-14 09:59:00'),
(430, 'KB.GS.092', '2024-03-14', 'Simpanan Wajib', 20000.0000000000, NULL, '2024-03-14 09:59:11'),
(431, 'KB.GS.087', '2024-03-14', 'Simpanan Sukarela', 20000.0000000000, NULL, '2024-03-14 09:59:19'),
(432, 'KB.GS.088', '2024-03-14', 'Simpanan Sukarela', 20000.0000000000, NULL, '2024-03-14 09:59:25'),
(433, 'KB.GS.089', '2024-03-14', 'Simpanan Sukarela', 20000.0000000000, NULL, '2024-03-14 09:59:31'),
(434, 'KB.GS.090', '2024-03-14', 'Simpanan Sukarela', 20000.0000000000, NULL, '2024-03-14 09:59:37'),
(435, 'KB.GS.091', '2024-03-14', 'Simpanan Sukarela', 20000.0000000000, NULL, '2024-03-14 09:59:45'),
(436, 'KB.GS.092', '2024-03-14', 'Simpanan Sukarela', 20000.0000000000, NULL, '2024-03-14 10:00:01'),
(437, 'KB.GS.099', '2024-03-22', 'Simpanan Wajib', 20000.0000000000, NULL, '2024-03-25 09:51:20'),
(438, 'KB.GS.099', '2024-03-25', 'Simpanan Wajib', 20000.0000000000, NULL, '2024-03-25 09:51:30'),
(439, 'KB.GS.005', '2024-04-18', 'Simpanan Wajib', 20000.0000000000, NULL, '2024-04-18 10:21:38'),
(440, 'KB.GS.005', '2024-04-18', 'Simpanan Wajib', 20000.0000000000, NULL, '2024-04-18 10:21:44'),
(441, 'KB.GS.005', '2024-04-18', 'Simpanan Wajib', 20000.0000000000, NULL, '2024-04-18 10:21:49'),
(442, 'KB.GS.005', '2024-04-18', 'Simpanan Wajib', 20000.0000000000, NULL, '2024-04-18 10:21:56'),
(443, 'KB.GS.005', '2024-04-18', 'Simpanan Wajib', 20000.0000000000, NULL, '2024-04-18 10:22:01'),
(444, 'KB.GS.005', '2024-04-18', 'Simpanan Wajib', 20000.0000000000, NULL, '2024-04-18 10:22:05'),
(445, 'KB.GS.005', '2024-04-18', 'Simpanan Wajib', 20000.0000000000, NULL, '2024-04-18 10:22:10'),
(446, 'KB.GS.005', '2024-04-18', 'Simpanan Wajib', 20000.0000000000, NULL, '2024-04-18 10:22:13'),
(447, 'KB.GS.005', '2024-04-18', 'Simpanan Wajib', 20000.0000000000, NULL, '2024-04-18 10:22:17'),
(448, 'KB.GS.005', '2024-04-18', 'Simpanan Wajib', 20000.0000000000, NULL, '2024-04-18 10:22:22'),
(449, 'KB.GS.005', '2024-04-18', 'Simpanan Wajib', 20000.0000000000, NULL, '2024-04-18 10:22:25'),
(450, 'KB.GS.005', '2024-04-18', 'Simpanan Wajib', 20000.0000000000, NULL, '2024-04-18 10:22:29'),
(451, 'KB.GS.005', '2024-04-18', 'Simpanan Sukarela', 260000.0000000000, NULL, '2024-04-18 10:22:56'),
(452, 'KB.GS.001', '2024-04-22', 'Simpanan Wajib', 20000.0000000000, NULL, '2024-04-22 13:36:38'),
(453, 'KB.GS.001', '2024-04-22', 'Simpanan Wajib', 20000.0000000000, NULL, '2024-04-22 13:37:01'),
(454, 'KB.GS.001', '2024-04-22', 'Simpanan Wajib', 20000.0000000000, NULL, '2024-04-22 13:37:12'),
(455, 'KB.GS.001', '2024-04-22', 'Simpanan Wajib', 20000.0000000000, NULL, '2024-04-22 13:37:15'),
(456, 'KB.GS.001', '2024-04-22', 'Simpanan Wajib', 20000.0000000000, NULL, '2024-04-22 13:37:20'),
(457, 'KB.GS.009', '2024-05-07', 'Simpanan Wajib', 20000.0000000000, NULL, '2024-05-07 08:05:29'),
(458, 'KB.GS.009', '2024-05-07', 'Simpanan Wajib', 20000.0000000000, NULL, '2024-05-07 08:05:40'),
(459, 'KB.GS.009', '2024-05-07', 'Simpanan Wajib', 20000.0000000000, NULL, '2024-05-07 08:05:53'),
(460, 'KB.GS.009', '2024-05-07', 'Simpanan Wajib', 20000.0000000000, NULL, '2024-05-07 08:05:59'),
(461, 'KB.GS.009', '2024-05-07', 'Simpanan Wajib', 20000.0000000000, NULL, '2024-05-07 08:06:05');

-- --------------------------------------------------------

--
-- Table structure for table `tbl_transaksi`
--

CREATE TABLE `tbl_transaksi` (
  `id` int(11) NOT NULL,
  `jenisTransaksi` enum('Transaksi Masuk','Transaksi Keluar') DEFAULT NULL,
  `tanggalTransaksi` varchar(50) DEFAULT NULL,
  `nominalTransaksi` varchar(255) DEFAULT NULL,
  `keterangan` varchar(255) DEFAULT NULL,
  `createdAt` datetime NOT NULL DEFAULT current_timestamp()
) ENGINE=InnoDB DEFAULT CHARSET=latin1 COLLATE=latin1_swedish_ci ROW_FORMAT=COMPACT;

--
-- Dumping data for table `tbl_transaksi`
--

INSERT INTO `tbl_transaksi` (`id`, `jenisTransaksi`, `tanggalTransaksi`, `nominalTransaksi`, `keterangan`, `createdAt`) VALUES
(1, 'Transaksi Masuk', '2024-04-30', '91500', 'Bagi hasil penjualan sampah anorganik dengan bank sampah Bersuit', '2024-04-30 08:36:56');

-- --------------------------------------------------------

--
-- Table structure for table `tbl_user`
--

CREATE TABLE `tbl_user` (
  `id` int(11) NOT NULL,
  `username` varchar(50) NOT NULL,
  `password` varchar(255) NOT NULL
) ENGINE=InnoDB DEFAULT CHARSET=latin1 COLLATE=latin1_swedish_ci ROW_FORMAT=COMPACT;

--
-- Dumping data for table `tbl_user`
--

INSERT INTO `tbl_user` (`id`, `username`, `password`) VALUES
(1, 'kpgansel', 'adminkpgansel24');

--
-- Indexes for dumped tables
--

--
-- Indexes for table `tbl_anggota`
--
ALTER TABLE `tbl_anggota`
  ADD PRIMARY KEY (`id`),
  ADD UNIQUE KEY `kodeAnggota` (`kodeAnggota`),
  ADD KEY `jenisAnggota` (`jenisAnggota`) USING BTREE;

--
-- Indexes for table `tbl_angsuran`
--
ALTER TABLE `tbl_angsuran`
  ADD PRIMARY KEY (`id`),
  ADD KEY `idPinjam` (`idPinjam`),
  ADD KEY `kodeAnggota` (`kodeAnggota`);

--
-- Indexes for table `tbl_bayarangsuran`
--
ALTER TABLE `tbl_bayarangsuran`
  ADD PRIMARY KEY (`id`),
  ADD KEY `idPinjam` (`idPinjam`);

--
-- Indexes for table `tbl_keanggotaan`
--
ALTER TABLE `tbl_keanggotaan`
  ADD PRIMARY KEY (`id`),
  ADD KEY `jenisKeanggotaan` (`jenisSHU`);

--
-- Indexes for table `tbl_pembagian_shu`
--
ALTER TABLE `tbl_pembagian_shu`
  ADD PRIMARY KEY (`id`),
  ADD UNIQUE KEY `jenisAkun` (`jenisSHU`);

--
-- Indexes for table `tbl_pengaturan`
--
ALTER TABLE `tbl_pengaturan`
  ADD PRIMARY KEY (`idPengaturan`);

--
-- Indexes for table `tbl_pinjam`
--
ALTER TABLE `tbl_pinjam`
  ADD PRIMARY KEY (`id`),
  ADD KEY `kodeAnggota` (`kodeAnggota`);

--
-- Indexes for table `tbl_simpan`
--
ALTER TABLE `tbl_simpan`
  ADD PRIMARY KEY (`id`),
  ADD KEY `kodeAnggota` (`kodeAnggota`);

--
-- Indexes for table `tbl_transaksi`
--
ALTER TABLE `tbl_transaksi`
  ADD PRIMARY KEY (`id`);

--
-- Indexes for table `tbl_user`
--
ALTER TABLE `tbl_user`
  ADD PRIMARY KEY (`id`),
  ADD UNIQUE KEY `username` (`username`);

--
-- AUTO_INCREMENT for dumped tables
--

--
-- AUTO_INCREMENT for table `tbl_anggota`
--
ALTER TABLE `tbl_anggota`
  MODIFY `id` int(11) NOT NULL AUTO_INCREMENT, AUTO_INCREMENT=97;

--
-- AUTO_INCREMENT for table `tbl_angsuran`
--
ALTER TABLE `tbl_angsuran`
  MODIFY `id` int(11) NOT NULL AUTO_INCREMENT, AUTO_INCREMENT=234;

--
-- AUTO_INCREMENT for table `tbl_bayarangsuran`
--
ALTER TABLE `tbl_bayarangsuran`
  MODIFY `id` int(11) NOT NULL AUTO_INCREMENT, AUTO_INCREMENT=87;

--
-- AUTO_INCREMENT for table `tbl_keanggotaan`
--
ALTER TABLE `tbl_keanggotaan`
  MODIFY `id` int(11) NOT NULL AUTO_INCREMENT, AUTO_INCREMENT=15;

--
-- AUTO_INCREMENT for table `tbl_pembagian_shu`
--
ALTER TABLE `tbl_pembagian_shu`
  MODIFY `id` int(11) NOT NULL AUTO_INCREMENT, AUTO_INCREMENT=7;

--
-- AUTO_INCREMENT for table `tbl_pinjam`
--
ALTER TABLE `tbl_pinjam`
  MODIFY `id` int(11) NOT NULL AUTO_INCREMENT, AUTO_INCREMENT=120;

--
-- AUTO_INCREMENT for table `tbl_simpan`
--
ALTER TABLE `tbl_simpan`
  MODIFY `id` int(50) NOT NULL AUTO_INCREMENT, AUTO_INCREMENT=1276;

--
-- AUTO_INCREMENT for table `tbl_transaksi`
--
ALTER TABLE `tbl_transaksi`
  MODIFY `id` int(11) NOT NULL AUTO_INCREMENT, AUTO_INCREMENT=29;

--
-- AUTO_INCREMENT for table `tbl_user`
--
ALTER TABLE `tbl_user`
  MODIFY `id` int(11) NOT NULL AUTO_INCREMENT, AUTO_INCREMENT=2;

--
-- Constraints for dumped tables
--

--
-- Constraints for table `tbl_anggota`
--
ALTER TABLE `tbl_anggota`
  ADD CONSTRAINT `tbl_anggota_ibfk_1` FOREIGN KEY (`jenisAnggota`) REFERENCES `tbl_keanggotaan` (`jenisSHU`) ON DELETE CASCADE ON UPDATE CASCADE;

--
-- Constraints for table `tbl_angsuran`
--
ALTER TABLE `tbl_angsuran`
  ADD CONSTRAINT `tbl_angsuran_ibfk_1` FOREIGN KEY (`idPinjam`) REFERENCES `tbl_pinjam` (`id`) ON DELETE CASCADE ON UPDATE CASCADE,
  ADD CONSTRAINT `tbl_angsuran_ibfk_2` FOREIGN KEY (`kodeAnggota`) REFERENCES `tbl_anggota` (`kodeAnggota`) ON DELETE CASCADE ON UPDATE CASCADE;

--
-- Constraints for table `tbl_bayarangsuran`
--
ALTER TABLE `tbl_bayarangsuran`
  ADD CONSTRAINT `tbl_bayarangsuran_ibfk_1` FOREIGN KEY (`idPinjam`) REFERENCES `tbl_angsuran` (`idPinjam`) ON DELETE CASCADE ON UPDATE CASCADE;

--
-- Constraints for table `tbl_keanggotaan`
--
ALTER TABLE `tbl_keanggotaan`
  ADD CONSTRAINT `tbl_keanggotaan_ibfk_1` FOREIGN KEY (`jenisSHU`) REFERENCES `tbl_pembagian_shu` (`jenisSHU`) ON DELETE CASCADE ON UPDATE CASCADE;

--
-- Constraints for table `tbl_pinjam`
--
ALTER TABLE `tbl_pinjam`
  ADD CONSTRAINT `tbl_pinjam_ibfk_1` FOREIGN KEY (`kodeAnggota`) REFERENCES `tbl_anggota` (`kodeAnggota`) ON DELETE CASCADE ON UPDATE CASCADE;

--
-- Constraints for table `tbl_simpan`
--
ALTER TABLE `tbl_simpan`
  ADD CONSTRAINT `tbl_simpan_ibfk_1` FOREIGN KEY (`kodeAnggota`) REFERENCES `tbl_anggota` (`kodeAnggota`) ON DELETE CASCADE ON UPDATE CASCADE;
COMMIT;

/*!40101 SET CHARACTER_SET_CLIENT=@OLD_CHARACTER_SET_CLIENT */;
/*!40101 SET CHARACTER_SET_RESULTS=@OLD_CHARACTER_SET_RESULTS */;
/*!40101 SET COLLATION_CONNECTION=@OLD_COLLATION_CONNECTION */;
